Show,Company Name,Stand Number,Stand Type,Show Category,Country,Website,LinkedIn,Twitter / X,Facebook,Products & Services,OLDCategories,Categories,Products & Services Target,Company Description,Profile URL,Logo URL,Size,Mannual Ranking Bump
Accountex,123 Sheets,770,Standard Show Guide Entry,Accountex London,United Kingdom (UK),https://123sheets.com,,,,"Accounting Software, MTD, Practice & Project Management, Tax, VAT","Bookkeeping, Practice Management, Tax & MTD","Practice Management, Bookkeeping, Tax & MTD","Accountants in Practice, Bookkeepers","123 Sheets provides MTD management and bridging software with fast, simple spreadsheet-based submissions. We offer accountancy firms a comprehensive system to manage staff and client submissions for MTD, including deadline management and client sub-accounts to limit what clients can view or file to HMRC. Visit our stand and take a look!",https://divcommanual.com/acx-fds/exhibitor-listing/123-sheets/,https://divcommanual.com/acx-fds/wp-content/uploads/sites/6/2026/02/ACCOUNTEX-FRIENDLY-123Sheets_Logo_transparent.png,1,FALSE
Accountex,20:20 Innovation,1130,Standard Show Guide Entry,Accountex London,United Kingdom (UK),https://www.2020innovation.com/,https://www.linkedin.com/company/2020-innovation-group-limited/,https://x.com/2020GroupUK,https://www.facebook.com/2020Group,"Consulting & Business Services, Recruitment & Training, Sales & Marketing, Tax","Tax & MTD, HR & People, Marketing & Growth","Marketing & Growth, HR & Leadership, Tax & MTD","Accountants in Practice, Accountants in Industry/Business","20:20 Innovation has led the way for 25 years, supporting 1,200+ firms with CPD training, a market-leading CPD tracking dashboard, and expert technical resources. Our thriving community now empowers accountants with tax tools like Ross Martin Practical Tax Database and VtaxP. Explore our membership alongside supplementary services such as compliance, consultancy and marketing resources.",https://divcommanual.com/acx-fds/exhibitor-listing/2020-innovation/,https://divcommanual.com/acx-fds/wp-content/uploads/sites/6/2026/02/450-logo.jpg,53,FALSE
Accountex,Access PaySuite,960,Standard Show Guide Entry,Accountex London,United Kingdom (UK),https://www.accesspaysuite.com/,https://www.linkedin.com/showcase/73191865,,,"Banking Services / Open Banking / Payment / FX Budgeting, Cash Flow Forecasting, Payment Process Services","Bookkeeping, Banking & Payments","Banking & Payments, Bookkeeping","Accountants in Practice, Accountants in Industry/Business, Bookkeepers","Access PaySuite is a leading UK-based, FCA regulated provider of payment solutions supporting businesses and organisations in the private, public and not-for-profit sectors. Part of The Access Group, Access PaySuite is committed to delivering payment solutions that are focused on supporting the growth of businesses and organisations, to help better serve their people, customers and communities.",https://divcommanual.com/acx-fds/exhibitor-listing/access-paysuite/,https://divcommanual.com/acx-fds/wp-content/uploads/sites/6/2026/03/Logo_for_Accountex.png,1,FALSE
Accountex,Accountant_she,1871,,,,,,,,,"HR & People, Marketing & Growth",Other,,,,,7,FALSE
Accountex,Accounting Flow,1563,Standard Show Guide Entry,Accountex London,United Kingdom (UK),https://www.accountingflow.io/,https://www.linkedin.com/company/accounting-flow,,,"Accounting Software, AI & Automation, CRM, Document Management, Practice & Project Management","Bookkeeping, Practice Management, AI & Automation, Document Management, CRM & Comms","Document Management, Practice Management, AI & Automation, Bookkeeping, Marketing & Growth","Accountants in Practice, Bookkeepers","Accounting Flow is an AI-powered practice management software. Accounting Flow tackles timesheets & billing, improves reporting transparency and automates task generation while ensuring clean client data.",https://divcommanual.com/acx-fds/exhibitor-listing/accounting-flow/,https://divcommanual.com/acx-fds/wp-content/uploads/sites/6/2026/03/Screenshot-2026-03-16-160848.png,3,FALSE
Accountex,AccountingCPD,1210,Standard Show Guide Entry,Accountex London,United Kingdom (UK),https://www.accountingcpd.com/,https://www.linkedin.com/company/accountingcpd.net,https://x.com/accountingcpd,https://www.facebook.com/accountingcpd/,"Magazines & Publishing, Recruitment & Training, Research & Development","HR & People, Marketing & Growth","Marketing & Growth, HR & Leadership","Accountants in Practice, Accountants in Industry/Business, Bookkeepers","For over 25 years, AccountingCPD has supported accounting and finance teams with expert-led learning, helping accountants grow at every stage of their careers. With 1,500+ practical resources, we help teams keep technical knowledge up to date and apply it in their work. Our structured approach supports everyone from trainees to Partners and CFOs in maintaining strong professional standards.",https://divcommanual.com/acx-fds/exhibitor-listing/accountingcpd/,https://divcommanual.com/acx-fds/wp-content/uploads/sites/6/2026/02/logo-450px.png,0,FALSE
Accountex,Accountinuity CIC,380,Standard Show Guide Entry,Accountex London,United Kingdom (UK),https://www.accountinuity.co.uk,,,,"Association / Professional Body, Charity / Not for Profit, Consulting & Business Services, Corporate Finance / Mergers & Acquisitions, Outsourcing / Offshoring","HR & People,","Banking & Payments, HR & Leadership, Outsourcing",Accountants in Practice,Continuity of practice solutions for sole practitioners,https://divcommanual.com/acx-fds/exhibitor-listing/accountinuity-cic/,https://divcommanual.com/acx-fds/wp-content/uploads/sites/6/2026/03/Accountinuity-Logo-450.jpg,0,FALSE
Accountex,AccountsIQ Group,1630,Standard Show Guide Entry,Accountex London,United Kingdom (UK),https://www.accountsiq.com/,https://www.linkedin.com/company/accountsiq/,,https://www.facebook.com/accountsiq/,"Accounting Software, Accounts Payable / Accounts Receivable, AI & Automation, Analytics & Reporting, Expense Management","Bookkeeping, AI & Automation, Data & Analytics, Expenses","Data & Analytics, AI & Automation, Bookkeeping, Other","Accountants in Practice, Accountants in Industry/Business","AccountsIQ delivers cloud accounting software for mid-market businesses, automating core finance processes through smart automation. Supporting 35,000+ users across 85+ countries, customers save up to a week per month with faster close and reporting. Founded in 2008, the AccountsIQ Group includes ExpenseIn, an expense management platform enabling a connected finance solution for growing companies.",https://divcommanual.com/acx-fds/exhibitor-listing/accountsiq-group/,https://divcommanual.com/acx-fds/wp-content/uploads/sites/6/2026/02/AccountsIQ-logo-for-Accountex.png,110,FALSE
Accountex,ACENTEUS CCA GLOBAL,514,Standard Show Guide Entry,Accountex London,United Kingdom (UK),https://acenteus-cca.com/,https://www.linkedin.com/company/acenteus/,,,"AI & Automation, Analytics & Reporting, Audit, MTD, Outsourcing / Offshoring","AI & Automation, Tax & MTD, Data & Analytics, Outsourcing","Data & Analytics, AI & Automation, Outsourcing, Tax & MTD","Accountants in Practice, Accountants in Industry/Business, Bookkeepers, Other","Scaling your Accountancy with Expertise & Automation. Flexible, Expert & Intelligent Technology driven Outsourcing that gives modern accountancy firms the breathing room to Scale. Acenteus Accounting brings the right expertise, backed by smart automation, to enhance quality, remove bottlenecks and free teams to focus on clients and growth. Capacity | Artificial Intelligence | Growth",https://divcommanual.com/acx-fds/exhibitor-listing/acenteus-cca-global/,https://divcommanual.com/acx-fds/wp-content/uploads/sites/6/2026/04/Acenteus-Logo-actx-white-1.png,63,FALSE
Accountex,Acting Office,1550,Standard Show Guide Entry,Accountex London,United Kingdom (UK),https://www.actingoffice.com/,https://www.linkedin.com/company/acting-office/,,,"Accounting Software, Analytics & Reporting, Corporate Finance / Mergers & Acquisitions, CRM, Cyber Security","Bookkeeping, CRM & Comms, Data & Analytics, Cyber Security, Banking & Payments","Banking & Payments, Data & Analytics, Cyber Security, Bookkeeping, Marketing & Growth","Accountants in Practice, Bookkeepers","Acting Office is the all-in-one, cloud-based practice engine designed to solve the root problem in modern accountancy firms: disconnected systems that slow growth, limit visibility and expose firms to risk. We bring CRM, onboarding, AML, workflow, document management, time- reporting and internal communication into one cohesive platform. One platform for clarity, efficiency and firm-wide flow.",https://divcommanual.com/acx-fds/exhibitor-listing/acting-office/,https://divcommanual.com/acx-fds/wp-content/uploads/sites/6/2026/03/Untitled-design-11.png,37,FALSE
Accountex,Adfin,1364,Standard Show Guide Entry,Accountex London,United Kingdom (UK),https://adfin.com/,https://www.linkedin.com/company/adfin-fs,,,"Accounts Payable / Accounts Receivable, AI & Automation, Banking Services / Open Banking / Payment / FX Budgeting, MTD, Payment Process Services","Bookkeeping, AI & Automation, Tax & MTD, Banking & Payments","Banking & Payments, AI & Automation, Bookkeeping, Tax & MTD","Accountants in Practice, Accountants in Industry/Business, Bookkeepers, Other","Adfin helps accountants and their clients get paid faster, with less effort. Our revenue realisation platform automates accounts receivable end-to-end - reducing manual work, cutting costs, and improving cashflow. Customers can pay by card, direct debit, open banking, Apple Pay, Google Pay, or bank transfer, with AI-powered follow-ups and smarter direct debits that retry automatically.",https://divcommanual.com/acx-fds/exhibitor-listing/adfin/,https://divcommanual.com/acx-fds/wp-content/uploads/sites/6/2026/04/Union-4.png,30,FALSE
Accountex,Adsum,1870,Standard Show Guide Entry,Accountex London,United Kingdom (UK),https://adsum-works.com/,https://www.linkedin.com/company/adsum-works/,,,"Accounting Software, Accounts Payable / Accounts Receivable, AI & Automation, MTD, VAT","Bookkeeping, AI & Automation, Tax & MTD","AI & Automation, Bookkeeping, Tax & MTD","Accountants in Practice, Bookkeepers","We build resilient, in-house infrastructure for tax-driven finance. Bespoke HMRC integrations, automation and an AI assisted presentation layer. Focused on outcomes that are predictable, auditable and scalable.We do not ship isolated features. We build resilient, in-house infrastructure for tax-driven finance. Bespoke HMRC integrations, automation and an AI assisted presentation layer.",https://divcommanual.com/acx-fds/exhibitor-listing/adsum/,https://divcommanual.com/acx-fds/wp-content/uploads/sites/6/2026/02/Simplification.png,33,FALSE
Accountex,Advancetrack,1060,Standard Show Guide Entry,Accountex London,United Kingdom (UK),https://www.advancetrack.com/,https://www.linkedin.com/company/advancetrack-outsourcing/,,https://www.facebook.com/AdvanceTrackHQ/,"Audit, Outsourcing / Offshoring, Payroll, Tax, VAT","Tax & MTD, Payroll, Outsourcing","Outsourcing, Tax & MTD, Payroll",Accountants in Practice,"Are you struggling to attract the right talent? Are you needing to shift the 'busy' work? Are you finding you don't have time to speak to clients? Trusted for over 20 years, Advancetrack provides immediate access to Accounting & Tax experts who understand your local regulations and seamlessly integrate into your team. ISO27001, No recruitment fees, No wait time, Trusted by Top 100 firms",https://divcommanual.com/acx-fds/exhibitor-listing/advancetrack/,https://divcommanual.com/acx-fds/wp-content/uploads/sites/6/2026/03/Untitled-design-31.png,13,FALSE
Accountex,Advantage Business Systems,524,Standard Show Guide Entry,Accountex London,United Kingdom (UK),https://www.advantage.co.uk/,https://www.linkedin.com/company/advantage-business-systems-limited,https://twitter.com/DynamicsABS,https://www.facebook.com/Advantage-Business-Systems-1993792640905810/,"Accounting Software, AI & Automation, Consulting & Business Services, CRM, Sales & Marketing","Bookkeeping, AI & Automation, CRM & Comms, Marketing & Growth","Marketing & Growth, AI & Automation, Bookkeeping","Accountants in Practice, Accountants in Industry/Business, Bookkeepers","Advantage Business Systems is a leading UK Microsoft Solutions Partner delivering Dynamics 365, AI, and Managed IT services to SMEs. Their flagship solution, EdgeBooks(TM), is purpose-built for accountancy firms. Built on the Microsoft Cloud and powered by AI, EdgeBooks helps modern practices work smarter and better serve their clients.",https://divcommanual.com/acx-fds/exhibitor-listing/advantage-business-systems/,https://divcommanual.com/acx-fds/wp-content/uploads/sites/6/2026/03/Advantage-450.jpg,38,FALSE
Accountex,Affinity Associates Group,570,Standard Show Guide Entry,Accountex London,United Kingdom (UK),https://affinityassociates.com https://affinityoutsourcing.net,,,,"Accounts Payable / Accounts Receivable, Audit, MTD, Outsourcing / Offshoring, Tax","Bookkeeping, Tax & MTD, Outsourcing","Bookkeeping, Outsourcing, Tax & MTD","Accountants in Practice, Accountants in Industry/Business, Bookkeepers, Other","Affinity Associates, a leading global accountancy firm with over 60 years of expertise. Through Affinity Outsourcing, we provide scalable, high quality back office accounting support to empower UK practices. Meanwhile, our Affinity Associates Franchise offers ambitious entrepreneurs a turnkey, recurring revenue, professional services business, fully backed by our world class technical teams.",https://divcommanual.com/acx-fds/exhibitor-listing/affinity-associates-group/,https://divcommanual.com/acx-fds/wp-content/uploads/sites/6/2026/03/affinity-A-full-colour-rgb-900px-w-300ppi.png,77,FALSE
Accountex,AIMS Accountants For Business,1565,Standard Show Guide Entry,Accountex London,United Kingdom (UK),https://www.aims.co.uk,https://www.linkedin.com/company/aims-accountants-for-business,,https://www.facebook.com/aimsaccountants,"Association / Professional Body, Consulting & Business Services, Recruitment & Training",HR & People,HR & Leadership,"Accountants in Practice, Accountants in Industry/Business","AIMS Accountants for Business are a market leader in core accountancy and taxation services for small, local and independent businesses. Our success is down to our clear focus on our clients, our successful systems and on our accountants. Our accountants are personally responsible for each and every one of their clients thus ensuring a personable service and a quality service guaranteed.",https://divcommanual.com/acx-fds/exhibitor-listing/aims-accountants-for-business/,https://divcommanual.com/acx-fds/wp-content/uploads/sites/6/2026/01/2018-AIMS-Logo-Web-60px-x-180px.png,250,FALSE
Accountex,Alkmist,1461,Standard Show Guide Entry,Accountex London,Belgium,https://www.alkmist.com/,https://www.linkedin.com/company/alkmist-global/,https://x.com/AlkmistHQ,https://www.facebook.com/profile.php?id=61578065347085,"AI & Automation, Analytics & Reporting, Document Management, IT Solutions","AI & Automation, Document Management, Data & Analytics","Document Management, Data & Analytics, AI & Automation","Accountants in Practice, Accountants in Industry/Business","Alkmist is the all-in-one collaboration portal for professional service firms. It structures client requests, tracks deadlines, and replaces email chaos with full operational visibility. With an AI Executive Assistant on the way, firms will automate tasks and run workflows through voice and automation, delivering faster turnaround, stronger compliance, and complete control over every engagement.",https://divcommanual.com/acx-fds/exhibitor-listing/alkmist/,https://divcommanual.com/acx-fds/wp-content/uploads/sites/6/2026/02/Alkmist-logo-s.png,10,FALSE
Accountex,All In Place,1936,Standard Show Guide Entry,Accountex London,United Kingdom (UK),https://www.allin.place/,https://www.linkedin.com/company/allinplace/?originalSubdomain=uk,,,"Cash Flow Forecasting, Consulting & Business Services, Practice & Project Management, Sales & Marketing","Bookkeeping, Practice Management, Marketing & Growth","Practice Management, Marketing & Growth, Bookkeeping","Accountants in Practice, Bookkeepers","All in Place helps accountants turn compliance relationships into advisory relationships. Our platform brings business and personal financial insights together, enabling deeper conversations and revealing the goals, risks and opportunities behind every client. The result: stronger relationships, more valuable advice, and the ability to truly support clients beyond their business.",https://divcommanual.com/acx-fds/exhibitor-listing/all-in-place/,https://divcommanual.com/acx-fds/wp-content/uploads/sites/6/2026/03/AiP-Accountex-Logo-.png,7,FALSE
Accountex,Allica Bank,150,Standard Show Guide Entry,Accountex London,United Kingdom (UK),https://www.allica.bank/accountants,https://www.linkedin.com/company/allicabank/,https://x.com/AllicaBank,,Banking Services / Open Banking / Payment / FX Budgeting,Banking & Payments,Banking & Payments,"Accountants in Practice, Accountants in Industry/Business","Allica Bank is on a mission to give established businesses, and the accountants who support them, the banking they deserve. That means fast decisions, and a dedicated partnerships manager you can actually get hold of. We combine powerful technology with real human expertise to make your job easier and your clients' experience better.",https://divcommanual.com/acx-fds/exhibitor-listing/allica-bank/,https://divcommanual.com/acx-fds/wp-content/uploads/sites/6/2026/03/Allica-Bank-Accountex-Primary-Dark-RGB.png,880,FALSE
Accountex,Alt21,1371,Standard Show Guide Entry,Accountex London,United Kingdom (UK),https://alt21.com/,https://www.linkedin.com/company/alt21/,https://x.com/ALT21_,,"Banking Services / Open Banking / Payment / FX Budgeting, Foreign Exchange and Multi-Currency Services",Banking & Payments,Banking & Payments,,"ALT21 is a European-based, UK-headquartered alternative banking platform supporting businesses that operate across borders. We offer a simpler alternative to traditional banks and FX brokers enabling companies to hold, move, and manage money across currencies through one clear, integrated platform.",https://divcommanual.com/acx-fds/exhibitor-listing/alt21/,https://divcommanual.com/acx-fds/wp-content/uploads/sites/6/2026/04/alt21_450x450-1.png,64,FALSE
Accountex,Alvio Labs,1070,Standard Show Guide Entry,Accountex London,United Kingdom (UK),https://alvio.io/,https://www.linkedin.com/company/alvio-io/,,,"AI & Automation, Analytics & Reporting, Consulting & Business Services, MTD, Practice & Project Management","Practice Management, AI & Automation, Tax & MTD, Data & Analytics","Practice Management, Data & Analytics, AI & Automation, Tax & MTD",Accountants in Practice,"Run your entire firm through AI. A new way to run an accounting firm. Alvio is a real-time intelligence layer across every system, client, and workflow. It connects your firm's tools and data, understands what's happening, and acts through AI agents. From managing MTD and workloads to driving growth and profitability, Alvio helps firms scale and take action instantly today.",https://divcommanual.com/acx-fds/exhibitor-listing/alvio-labs/,https://divcommanual.com/acx-fds/wp-content/uploads/sites/6/2026/04/alvio-accounting-uploader-450.png,0,FALSE
Accountex,AMS Group,1771,Standard Show Guide Entry,Accountex London,United Kingdom (UK),https://www.groupams.co.uk/,https://www.linkedin.com/company/ams-accountants-group/,,,"Audit, Capital Allowances, Corporate Finance / Mergers & Acquisitions, Payroll, VAT","Tax & MTD, Payroll, Banking & Payments","Banking & Payments, Tax & MTD, Payroll","Accountants in Practice, Accountants in Industry/Business","AMS Group is a full-service professional services firm that create value for mid-market businesses. We do this through our exceptional technical delivery teams and our personalised client approach. The Accountants Club is AMS's referral network for accountancy firms, giving practices access to specialist services their clients need - without losing the relationship.",https://divcommanual.com/acx-fds/exhibitor-listing/ams-group/,https://divcommanual.com/acx-fds/wp-content/uploads/sites/6/2026/04/AMS-Logo.jpg,75,FALSE
Accountex,Anderson Brookes Insolvency Practitioners,560,Standard Show Guide Entry,Accountex London,United Kingdom (UK),https://www.andersonbrookes.co.uk,https://linkedin.com/in/liquidateyourcompany-123,,,"Insolvency, Restructuring & Business Recovery",Insolvency,Banking & Payments,"Accountants in Practice, Bookkeepers","Expert corporate insolvency advisors, Anderson Brookes are one of the UK's leading independent insolvency practices. We provide tailored solutions for businesses in financial distress. You are invited to explore how the firm's restructuring, recovery, and liquidation services can benefit you and your clients. Connect with the team for practical insolvency guidance that accountants can rely on.",https://divcommanual.com/acx-fds/exhibitor-listing/anderson-brookes-insolvency-practitioners/,https://divcommanual.com/acx-fds/wp-content/uploads/sites/6/2026/01/AB-Blue-Icon-e1600187593701.jpg,0,FALSE
Accountex,Andica Limited,550,Standard Show Guide Entry,Accountex London,United Kingdom (UK),https://www.andica.com,https://www.linkedin.com/company/andica-limited/,,https://www.facebook.com/andicalimited/,"Accounting Software, MTD, Payroll, Practice & Project Management, Tax","Bookkeeping, Practice Management, Tax & MTD, Payroll","Practice Management, Bookkeeping, Tax & MTD, Payroll","Accountants in Practice, Accountants in Industry/Business, Bookkeepers, Other","Andica specialises in FinTech and RegTech financial and taxation solutions for small-to-medium businesses, accounting professionals and tax payers. Our comprehensive suite includes software for MTD ITSA, Accounting Practice Management, Payroll, Self-Assessment Tax Returns, Corporation Tax (CT600), Accounts Production for Companies and Charities, Company Secretarial and VAT.",https://divcommanual.com/acx-fds/exhibitor-listing/andica-limited/,https://divcommanual.com/acx-fds/wp-content/uploads/sites/6/2026/02/Logo-Andica-450X450.jpg,3,FALSE
Accountex,ApariPro,544,Standard Show Guide Entry,Accountex London,United Kingdom (UK),https://www.aparipro.com/,http://linkedin.com/aparipro,,,Accounting Software,"Bookkeeping, Practice Management",Bookkeeping,"Accountants in Practice, Accountants in Industry/Business","The UK's first AI-powered, HMRC-recognised Self Assessment tax solution, automating smart document analysis, data capture and pre-filled returns to streamline tax filing. Built for accountants and firms, it accelerates prep, enhances accuracy and offers a white-label interface that transforms compliance from hours of work into minutes.",https://divcommanual.com/acx-fds/exhibitor-listing/aparipro/,https://divcommanual.com/acx-fds/wp-content/uploads/sites/6/2026/02/Asset-1.png,25,FALSE
Accountex,App Advisory Plus,1971,Standard Show Guide Entry,Accountex London,United Kingdom (UK),https://www.appadvisoryplus.com/,https://www.linkedin.com/company/app-advisory-plus,https://twitter.com/AppAdvisoryPlus,https://www.facebook.com/appadvisoryplus,"Magazines & Publishing, Research & Development",Marketing & Growth,Marketing & Growth,"Accountants in Practice, Accountants in Industry/Business, Bookkeepers, Other","App Advisory Plus is the UK's go-to independent cloud app directory and advisory platform for forward-thinking accountants. We help firms find, compare and confidently recommend the right integrated apps. Beyond our powerful directory, we drive smarter conversations through expert insights, news, blogs, webinars and our must-read newsletter, keeping practices ahead in a fast-moving digital world.",https://divcommanual.com/acx-fds/exhibitor-listing/app-advisory-plus/,https://divcommanual.com/acx-fds/wp-content/uploads/sites/6/2026/02/AAP-Logo.png,6,FALSE
Accountex,ApprovalMax,615,Standard Show Guide Entry,Accountex London,United Kingdom (UK),https://approvalmax.com/,https://www.linkedin.com/company/approvalmax,https://x.com/approvalmax,https://www.facebook.com/approvalmax/,"Accounting Software, Accounts Payable / Accounts Receivable, Charity / Not for Profit, Data Entry / OCR (Optical Character Recognition), Expense Management","Bookkeeping, Doc Automation, Expenses, Practice Management","Data & Analytics, Bookkeeping, Other","Accountants in Practice, Accountants in Industry/Business, Bookkeepers","The approval engine for your full AP lifecycle. ApprovalMax streamlines your accounts payable process, giving modern finance teams the efficiency and visibility they need to grow with confidence. And with built-in controls that prevent errors and fraud, every payment is smarter and safer.",https://divcommanual.com/acx-fds/exhibitor-listing/approvalmax/,https://divcommanual.com/acx-fds/wp-content/uploads/sites/6/2026/04/Logo-450.png,160,FALSE
Accountex,Apron,774,Standard Show Guide Entry,Accountex London,United Kingdom (UK),https://getapron.com/,https://uk.linkedin.com/company/getapron,,,"Accounting Software, Accounts Payable / Accounts Receivable, Data Entry / OCR (Optical Character Recognition), Expense Management, Payment Process Services","Bookkeeping, Doc Automation, Expenses, Banking & Payments","Banking & Payments, Data & Analytics, Bookkeeping, Other","Accountants in Practice, Accountants in Industry/Business, Bookkeepers","Go from accounts painful to accounts powerful with a single platform for bill payments, invoice capture, expenses and bookkeeping.",https://divcommanual.com/acx-fds/exhibitor-listing/apron/,https://divcommanual.com/acx-fds/wp-content/uploads/sites/6/2026/02/apron-logo-accountex.png,98,FALSE
Accountex,ARNA ACCOUNTING SERVICES,815,Standard Show Guide Entry,Accountex London,United Kingdom (UK),https://arnaltd.com,https://www.linkedin.com/company/arna-accounting/,,https://www.facebook.com/people/Arna-Accounting-Pvt-Ltd/,"Accounting Software, Accounts Payable / Accounts Receivable, AI & Automation, Analytics & Reporting, Outsourcing / Offshoring","Bookkeeping, AI & Automation, Data & Analytics, Outsourcing, Expenses","Data & Analytics, AI & Automation, Bookkeeping, Outsourcing","Accountants in Practice, Accountants in Industry/Business, Bookkeepers","We are a UK-registered company delivering exceptional offshore accounting for property management. Holding BSI ISO 9001 certification, we demonstrate rigorous quality standards. We operate across the UK, USA, and Europe, specialising in property and commercial service charges, development accounting, job cost accounting, VAT, Yearend Accounting & Tax Returns",https://divcommanual.com/acx-fds/exhibitor-listing/arna-accounting-services/,https://divcommanual.com/acx-fds/wp-content/uploads/sites/6/2026/01/logo-updatedV2.png,51,FALSE
Accountex,Artifact AI,1080,Standard Show Guide Entry,Accountex London,United Kingdom (UK),https://www.getartifact.com/,https://www.linkedin.com/company/artifact-ai/,,,"Accounting Software, AI & Automation, Data Entry / OCR (Optical Character Recognition)","Bookkeeping, AI & Automation, Doc Automation","AI & Automation, Data & Analytics, Bookkeeping","Accountants in Practice, Bookkeepers","Artifact AI helps UK accountancy firms eliminate manual month-end work. Integrating with Xero, QuickBooks, NetSuite and Sage, it automates reconciliations, postings and document handling without disruption. Powered by Arti, our AI agent delivers accurate, audit-ready outputs and up to 92.5% faster processing, unlocking capacity, reducing costs and enabling scalable, controlled AI adoption.",https://divcommanual.com/acx-fds/exhibitor-listing/artifact-ai/,https://divcommanual.com/acx-fds/wp-content/uploads/sites/6/2026/04/artifact-logo-450px.png,27,FALSE
Accountex,Ask the Accountant Network - Pitstop Podcast,1730,Standard Show Guide Entry,Accountex London,United Kingdom (UK),,https://www.linkedin.com/company/ask-the-accountant-podcast/,,https://www.facebook.com/asktheaccountantpodcast,"Education & Qualifications, Magazines & Publishing, Sales & Marketing","HR & People, Marketing & Growth","Marketing & Growth, HR & Leadership","Accountants in Practice, Accountants in Industry/Business, Bookkeepers","At 'Ask the Accountant - Pitstop Podcasts', we rev up your understanding of the accounting, bookkeeping, tech, and finance sectors. Our pitstop episodes are your backstage pass to discover new people in the industry, what they're up to, and their invaluable thoughts on the ever-evolving landscape of their sectors. It's also a chance to be on your first ever podcast and get some free content!",https://divcommanual.com/acx-fds/exhibitor-listing/ask-the-accountant-network-pitstop-podcast/,https://divcommanual.com/acx-fds/wp-content/uploads/sites/6/2026/04/small-logo-ATA-network.png,0,FALSE
Accountex,Aslan,981,Standard Show Guide Entry,Accountex London,United Kingdom (UK),https://www.aslan.io/,https://www.linkedin.com/company/aslan,,,"Banking Services / Open Banking / Payment / FX Budgeting, Employee Benefits / Incentives / Salary Sacrifice, HR, Payroll","Payroll, HR & People, Banking & Payments","Banking & Payments, HR & Leadership, Payroll","Accountants in Practice, Accountants in Industry/Business","Aslan is a highly engaging rewards platform that supercharges employee pay while reducing employer costs. Trusted by enterprises and SMBs, we help attract, retain, and support workforces through smarter pay design. Traditional compensation is losing impact. Aslan delivers unrivalled rewards, payroll-linked savings, flexible pay access, and tax-efficiencies.",https://divcommanual.com/acx-fds/exhibitor-listing/aslan/,https://divcommanual.com/acx-fds/wp-content/uploads/sites/6/2026/02/450x450.png,57,FALSE
Accountex,Association of Accounting Technicians,995,Standard Show Guide Entry,Accountex London,United Kingdom (UK),https://www.aat.org.uk/,https://www.linkedin.com/school/aat,,https://www.facebook.com/youraat,No products listed,HR & People,HR & Leadership,HR & People,"AAT, the Association of Accounting Technicians, represents accounting technicians and bookkeepers across the UK. AAT is dedicated to raising professional standards and widening access to accountancy education and skills training. Today, it supports a community of over 137,000 people, whether they're working in the profession or studying AAT's Ofqual regulated qualifications.",https://divcommanual.com/acx-fds/exhibitor-listing/association-of-accounting-technicians/,https://divcommanual.com/acx-fds/wp-content/uploads/sites/6/2026/03/AAT_Logo_RGB-450x80-px.png,1300,FALSE
Accountex,Association of Chartered Certified Accountants,160,Standard Show Guide Entry,Accountex London,United Kingdom (UK),,,,,"Association / Professional Body, Charity / Not for Profit, Education & Qualifications",HR & People,HR & Leadership,"Accountants in Practice, Accountants in Industry/Business","We are ACCA (the Association of Chartered Certified Accountants), the only truly global professional accountancy body. Since we were founded in 1904, we've been breaking down barriers to the accountancy profession. Today we proudly support a diverse community of over 257,900 members and 530,100 future members in 180 countries.",https://divcommanual.com/acx-fds/exhibitor-listing/association-of-chartered-certified-accountants/,https://divcommanual.com/acx-fds/wp-content/uploads/sites/6/2026/01/image-8.png,11,FALSE
Accountex,Association of International Accountants (AIA),491,Standard Show Guide Entry,Accountex London,United Kingdom (UK),https://www.aiaworldwide.com/,https://www.linkedin.com/school/association-of-international-accountants/,,https://www.facebook.com/AIAworldwide,"Association / Professional Body, Education & Qualifications",HR & People,HR & Leadership,"Accountants in Practice, Accountants in Industry/Business, Bookkeepers","Founded in the UK in 1928, AIA is a global professional accountancy and membership body dedicated to creating world-class accountants through high-quality qualifications and tailored member services for finance professionals in over 80 countries.",https://divcommanual.com/acx-fds/exhibitor-listing/association-of-international-accountants-aia/,https://divcommanual.com/acx-fds/wp-content/uploads/sites/6/2026/01/AIA-Logo.jpg,93,FALSE
Accountex,Astranti,790,Standard Show Guide Entry,Accountex London,United Kingdom (UK),https://www.astranti.com/ai/,https://www.linkedin.com/company/astranti/,,https://www.facebook.com/Astranti,"AI & Automation, Consulting & Business Services, Education & Qualifications, Recruitment & Training","AI & Automation, HR & People","AI & Automation, HR & Leadership","Accountants in Practice, Accountants in Industry/Business","An established CIMA, ACCA and AI training provider, offering training and consultancy to accounting practices looking for greater efficiencies and enhanced performance as a result of effective AI usage. Drive profitability and future-proof your firm with our expert-led solutions. We offer two tiers of AI training and support: 1. AI Training for Accountants 2. Bespoke AI Consultancy",https://divcommanual.com/acx-fds/exhibitor-listing/astranti/,https://divcommanual.com/acx-fds/wp-content/uploads/sites/6/2026/04/Astranti-Logo-High-Quality-.jpg,32,FALSE
Accountex,Audit Corpus,374,Standard Show Guide Entry,Accountex London,India,https://www.auditcorpus.com/,https://in.linkedin.com/company/true-and-fair-professionals-network,,,"AI & Automation, Analytics & Reporting, Audit, Outsourcing / Offshoring, Practice & Project Management","Practice Management, AI & Automation, Data & Analytics, Outsourcing","Practice Management, Data & Analytics, AI & Automation, Outsourcing","Accountants in Practice, Accountants in Industry/Business","True and Fair Professionals Network (""True and Fair"") is a firm formed in August 2022, with a team of either partners or senior staff in Big 4 firm(s), with a combined experience of over 175 years, to serve as a knowledge partner to develop technology solutions (Audit Corpus) to support audit firms in their journey on audit quality along with Audit Off-shoring support.",https://divcommanual.com/acx-fds/exhibitor-listing/audit-corpus/,https://divcommanual.com/acx-fds/wp-content/uploads/sites/6/2026/04/TandF-Logo.png,0,FALSE
Accountex,AuditBot - Does Fieldwork Faster,1551,Standard Show Guide Entry,Accountex London,United Kingdom (UK),https://auditbot.co/,https://www.linkedin.com/company/auditbot-ltd,,,"Accounting Software, AI & Automation, Analytics & Reporting, Audit","Bookkeeping, AI & Automation, Data & Analytics","Data & Analytics, AI & Automation, Bookkeeping",Accountants in Practice,"AuditBot automates audit fieldwork, cutting transaction testing from days to hours and reduces review times by 60%. AccountsBot reviews financial statements end to end and, in side by side testing, flags 3 times more errors than humans do. Built by auditors and ICAEW accredited. Come and see what AuditBot can do for your team's accuracy and efficiency.",https://divcommanual.com/acx-fds/exhibitor-listing/auditbot-does-fieldwork-faster/,https://divcommanual.com/acx-fds/wp-content/uploads/sites/6/2026/02/AuditBot-Does-your-Fieldwork-Faster.png,4,FALSE
Accountex,Auditi,625,Standard Show Guide Entry,Accountex London,Germany,https://www.auditi.com/,https://www.linkedin.com/company/auditi/,,,"Accounting Software, Audit, Consulting & Business Services, Practice & Project Management, Tax","Bookkeeping, Practice Management, Tax & MTD","Practice Management, Bookkeeping, Tax & MTD","Accountants in Practice, Accountants in Industry/Business, Bookkeepers, Other","Founded in 2012, Auditi is a market leader in client collaboration and communications for auditors. Our platform revolutionizes how auditors manage PBC (Provided by Client) requests, enhancing efficiency and collaboration. ? Tailor lists, set timelines, and centralize communication. Visit auditi.com to learn more and schedule a meeting.",https://divcommanual.com/acx-fds/exhibitor-listing/auditi/,https://divcommanual.com/acx-fds/wp-content/uploads/sites/6/2026/02/auditi-logo-blue.png,13,FALSE
Accountex,AYPHEN,1755,Standard Show Guide Entry,Accountex London,Ireland,https://www.ayphen.com,https://www.linkedin.com/company/ayphen/,,,"Accounting Software, AI & Automation, CRM, HR, Payroll","Bookkeeping, AI & Automation, Payroll, CRM & Comms, HR & People","AI & Automation, Bookkeeping, HR & Leadership, Marketing & Growth, Payroll","Accountants in Practice, Accountants in Industry/Business, Bookkeepers","Transform your business with AYPHEN's AI-powered suite. Seamlessly integrate 20+ applications, scale to 10,000+ users and accelerate growth with intelligent automation. Every tool your business needs in one unified platform. From accounting to project management, AYPHEN helps businesses reach new levels of efficiency and performance.",https://divcommanual.com/acx-fds/exhibitor-listing/ayphen/,https://divcommanual.com/acx-fds/wp-content/uploads/sites/6/2026/02/Ayphen_Logo_450x450.jpg,47,FALSE
Accountex,Barclays,540,Standard Show Guide Entry,Accountex London,United Kingdom (UK),https://www.barclays.co.uk/business-banking/introducers/,https://www.linkedin.com/showcase/barclays-business-banking/,,https://www.facebook.com/BarclaysBusinessUK/,Banking Services / Open Banking / Payment / FX Budgeting,Banking & Payments,Banking & Payments,"Accountants in Practice, Accountants in Industry/Business, Bookkeepers","Our Barclays Business Introducer Zone gives you one place for your business current account referrals. Whether you're trying to understand local markets, manage growth or find the right networks, we could help you and your clients with your challenges and opportunities. Find us at stand 540 to talk about Barclays Business Introducer Zone.",https://divcommanual.com/acx-fds/exhibitor-listing/barclays/,https://divcommanual.com/acx-fds/wp-content/uploads/sites/6/2026/03/Barclays_Logo_stacked_RGB_Cyan.png,9800,FALSE
Accountex,Befree,1574,Standard Show Guide Entry,Accountex London,United Kingdom (UK),https://befreeltd.com/uk/,https://www.linkedin.com/company/befree-pty-ltd/,https://x.com/infobefreeltd,https://www.facebook.com/people/Befree-Global/100088891985988/,"Accounts Payable / Accounts Receivable, AI & Automation, Audit, Payroll, Tax","Bookkeeping, AI & Automation, Tax & MTD, Payroll","AI & Automation, Bookkeeping, Tax & MTD, Payroll",,"Befree delivers outsourcing solutions built on cutting-edge automation across accounting, bookkeeping, tax, audit, mortgage, and beyond, giving progressive firms the capacity to do so much more. We plug in fast, work to your standards, and free your team to do what matters most: advising clients and growing. This is outsourcing, upgraded.",https://divcommanual.com/acx-fds/exhibitor-listing/befree/,https://divcommanual.com/acx-fds/wp-content/uploads/sites/6/2026/03/Befree.png,1600,FALSE
Accountex,BGL Solutions Limited,744,Standard Show Guide Entry,Accountex London,United Kingdom (UK),https://www.bglcorp.com/,,,,"Accounting Software, AI & Automation, AML - Anti Money Laundering","Bookkeeping, AI & Automation, AML/KYC","AI & Automation, Bookkeeping, AML/KYC",Accountants in Industry/Business,"BGL Corporate Solutions (BGL) delivers secure compliance management software trusted by 12,700+ businesses managing over 1.5 million entities worldwide. With 35+ years of experience and ISO 27001 certification, BGL helps UK firms simplify Companies House compliance through innovative company secretarial (CoSec), AML/CDD and ID verification solutions.",https://divcommanual.com/acx-fds/exhibitor-listing/bgl-solutions-limited/,https://divcommanual.com/acx-fds/wp-content/uploads/sites/6/2026/02/BGL_logo.png,210,FALSE
Accountex,Briefcase,1740,Standard Show Guide Entry,Accountex London,United Kingdom (UK),https://briefcase.so/,https://www.linkedin.com/company/briefcase-ai/,,,"Accounting Software, AI & Automation, Data Entry / OCR (Optical Character Recognition), MTD, VAT","Bookkeeping, AI & Automation, Tax & MTD, Doc Automation","AI & Automation, Data & Analytics, Bookkeeping, Tax & MTD","Accountants in Practice, Bookkeepers","Put your books on Autopilot AI-native bookkeeping and accounting automation, from capture to close.",https://divcommanual.com/acx-fds/exhibitor-listing/briefcase/,https://divcommanual.com/acx-fds/wp-content/uploads/sites/6/2026/02/unnamed-file.png,11,FALSE
Accountex,Bright,1160,Standard Show Guide Entry,Accountex London,United Kingdom (UK),https://brightsg.com/,https://www.linkedin.com/company/brightsg,https://x.com/BrightUKIre,https://www.facebook.com/brightsoftwaregroup1,"Accounting Software, MTD, Payroll, Practice & Project Management, Tax","Bookkeeping, Practice Management, Tax & MTD, Payroll","Practice Management, Bookkeeping, Tax & MTD, Payroll","Accountants in Practice, Accountants in Industry/Business, Bookkeepers","At Bright, we deliver a complete suite of software designed to keep your practice compliant, reduce risk, and power smarter ways of working. Spanning payroll, time & attendance, working papers, MTD-ready accounting, tax, and company secretarial, our AI-driven workflows, intelligent automation, and fully connected, integrated data minimise errors, save time, and free you to focus on your clients.",https://divcommanual.com/acx-fds/exhibitor-listing/bright/,https://divcommanual.com/acx-fds/wp-content/uploads/sites/6/2026/04/Untitled-design-1.png,300,FALSE
Accountex,Byrd + Link Audit Services,830,Standard Show Guide Entry,Accountex London,United Kingdom (UK),https://www.byrdlink.co.uk/,https://www.linkedin.com/company/byrd-and-link,,,Audit,Practice Management,Practice Management,Practice Management,"Byrd + Link specialise in supporting accountancy firms with audit services - when firms don't have the time or resource to do them in-house. With a senior-only team, we act as your trusted audit partner, ensuring high-quality audits while you focus on growing your firm and strengthening client relationships.",https://divcommanual.com/acx-fds/exhibitor-listing/byrd-link-audit-services/,https://divcommanual.com/acx-fds/wp-content/uploads/sites/6/2026/02/sml-Byrd-Link_Logo.png,6,FALSE
Accountex,Capify,1534,Standard Show Guide Entry,Accountex London,United Kingdom (UK),,,,,,Marketing & Growth,Other,,,https://divcommanual.com/acx-fds/exhibitor-listing/capify/,https://divcommanual.com/acx-fds/wp-content/uploads/sites/6/2026/04/images.png,14,FALSE
Accountex,Capium,1370,Standard Show Guide Entry,Accountex London,United Kingdom (UK),https://www.capium.com/,https://www.linkedin.com/company/capium/,https://x.com/capium,https://www.facebook.com/capium.uk,"Accounting Software, Accounts Payable / Accounts Receivable, MTD, Practice & Project Management, Tax","Bookkeeping, Practice Management, Tax & MTD","Practice Management, Bookkeeping, Tax & MTD","Accountants in Practice, Accountants in Industry/Business, Bookkeepers, Other","A cloud-based accounting and practice management software for accountants and SMEs, Inheirtenity MTD offers bookkeeping, payroll, tax filing, AML compliance, and client management tools in one integrated platform. With automation, secure data storage, & HMRC-recognised compliance features (including MTD IT), Capium streamlines workflows, enhances collaboration, and ensures regulatory compliance.",https://divcommanual.com/acx-fds/exhibitor-listing/capium/,https://divcommanual.com/acx-fds/wp-content/uploads/sites/6/2026/02/Capium-logo-square-450-x-450-px.png,90,FALSE
Accountex,Caseware,820,Standard Show Guide Entry,Accountex London,United Kingdom (UK),https://www.caseware.com/uk/,https://www.linkedin.com/company/caseware-international-inc,https://x.com/Caseware,,"Accounting Software, AI & Automation, Analytics & Reporting, Audit","Bookkeeping, AI & Automation, Data & Analytics, Tax & MTD","Data & Analytics, AI & Automation, Bookkeeping","Accountants in Practice, Accountants in Industry/Business","Caseware partners with audit and accounting professionals to deliver trusted outcomes through AI-driven intelligence. Its end-to-end, cloud-based platform provides audit and financial reporting solutions that improve collaboration, consistency, and efficiency without compromising quality. Trusted by 25,000 customers and 500,000 professionals across 130 countries.",https://divcommanual.com/acx-fds/exhibitor-listing/caseware/,https://divcommanual.com/acx-fds/wp-content/uploads/sites/6/2026/02/CW-Logo-1.png,750,FALSE
Accountex,Castaway Forecasting,1451,Standard Show Guide Entry,Accountex London,Australia,https://castawayforecasting.com/,https://www.linkedin.com/company/castaway-forecasting/,,https://www.facebook.com/castawayforecasting,"Analytics & Reporting, Cash Flow Forecasting, Consulting & Business Services, Corporate Finance / Mergers & Acquisitions","Bookkeeping, Data & Analytics, Banking & Payments","Banking & Payments, Data & Analytics, Bookkeeping","Accountants in Practice, Accountants in Industry/Business, Bookkeepers","Castaway creates powerful SaaS financial forecasting software, delivers practical education, and provides outstanding customer experiences to help SMEs and advisors understand and shape their future. Used by customers worldwide, Castaway offers 3-way forecasting, cashflow forecasting, budgeting, KPIs and performance reporting. Castaway empowers SMEs and advisors to make better business decisions",https://divcommanual.com/acx-fds/exhibitor-listing/castaway-forecasting/,https://divcommanual.com/acx-fds/wp-content/uploads/sites/6/2026/03/Castaway_Light_Tag-24_450x450px-1.png,15,FALSE
Accountex,Chaser,1020,Standard Show Guide Entry,Accountex London,United Kingdom (UK),https://www.chaserhq.com/,https://www.linkedin.com/company/chaser,https://x.com/chaser_hq,https://www.facebook.com/ChaserAR,"Accounts Payable / Accounts Receivable, AI & Automation, Analytics & Reporting, Cash Flow Forecasting, IT Solutions","Bookkeeping, AI & Automation, Data & Analytics","Data & Analytics, AI & Automation, Bookkeeping","Accountants in Practice, Accountants in Industry/Business, Bookkeepers, Other","Bring revenue in faster with accounts receivable automation, AI, and cash flow forecasting. Chaser empowers businesses to grow fearlessly with predictable cash flow by automating invoice reminders, monitoring debtors, and managing collections in one connected system. Deliver complete tracking, real-time visibility, and less manual chasing.",https://divcommanual.com/acx-fds/exhibitor-listing/chaser/,https://divcommanual.com/acx-fds/wp-content/uploads/sites/6/2026/02/Accountex-logo-450-x-450-px.png,34,FALSE
Accountex,Cheku.ai,501H,Standard Show Guide Entry,Accountex London,United Kingdom (UK),https://www.cheku.ai,https://www.linkedin.com/company/chekuai,,,"Accounting Software, AI & Automation, CRM, Document Management, Practice & Project Management","Bookkeeping, Practice Management, AI & Automation, Document Management, CRM & Comms","Document Management, Practice Management, AI & Automation, Bookkeeping, Marketing & Growth","Accountants in Practice, Bookkeepers","Most practice management tools aren't built with accountants in mind. Cheku is. We're building software that helps accounting firms manage clients, track work, stay on top of deadlines, and tackle complex technical research - with AI that delivers referenced answers grounded in tax legislation, accounting standards, and regulatory guidance.",https://divcommanual.com/acx-fds/exhibitor-listing/cheku-ai/,https://divcommanual.com/acx-fds/wp-content/uploads/sites/6/2026/01/ChekuAI-Logo-Reduced.png,0,FALSE
Accountex,Chift,481,Standard Show Guide Entry,Accountex London,Belgium,https://www.chift.eu/,https://www.linkedin.com/company/chift-app/,,,"Accounting Software, AI & Automation, Analytics & Reporting, IT Solutions, Research & Development","Bookkeeping, AI & Automation, Data & Analytics","Data & Analytics, AI & Automation, Bookkeeping","Accountants in Practice, Accountants in Industry/Business, Bookkeepers, Other","Chift enables SaaS and fintech companies to integrate with Europe's leading accounting and financial software through a single unified API. Instead of building and maintaining multiple integrations, connect once and scale instantly. Deliver seamless, one-click integrations to your users, accelerate go-to-market, and unlock AI-ready financial data across fragmented European markets.",https://divcommanual.com/acx-fds/exhibitor-listing/chift/,https://divcommanual.com/acx-fds/wp-content/uploads/sites/6/2026/03/Group-49602-5.png,37,FALSE
Accountex,Circit,810,Standard Show Guide Entry,Accountex London,United Kingdom (UK),https://www.circit.io,https://www.linkedin.com/company/circit-ltd./,,,"Accounting Software, AI & Automation, Audit","Bookkeeping, AI & Automation","AI & Automation, Bookkeeping",Other,"Circit is an end-to-end audit engagement platform that centralises data ingestion, document exchange, and client collaboration in one secure environment. Firms can verify the world's assets directly at source, standardise processes, and improve collaboration across every engagement, driving efficiencies, enhancing audit quality, and structuring client deliverables to scale AI adoption.",https://divcommanual.com/acx-fds/exhibitor-listing/circit/,https://divcommanual.com/acx-fds/wp-content/uploads/sites/6/2026/04/Rebrand-logo-Circit-2026.png,82,FALSE
Accountex,CleanBooks AI,501G,Standard Show Guide Entry,Accountex London,United Kingdom (UK),https://cleanbooksai.com/,https://www.linkedin.com/company/cleanbooksai/,,,"Accounting Software, AI & Automation, Cash Flow Forecasting, IT Solutions","Bookkeeping, AI & Automation","AI & Automation, Bookkeeping","Accountants in Practice, Accountants in Industry/Business, Bookkeepers","CleanBooks AI is an accountant-led AI company helping firms implement automation in weeks, not months. We eliminate manual bookkeeping, reconciliations, and reporting, freeing you to focus on advisory and growth. With deep accounting expertise and rapid deployment, we deliver intelligent systems that boost efficiency, retain clients, and future-proof your firm in an AI-driven world.",https://divcommanual.com/acx-fds/exhibitor-listing/cleanbooks-ai/,https://divcommanual.com/acx-fds/wp-content/uploads/sites/6/2026/04/CLeanBooksAI-450x450-01-1.png,0,FALSE
Accountex,ClientWindow,1350,Standard Show Guide Entry,Accountex London,United Kingdom (UK),https://clientwindow.com,https://www.linkedin.com/company/clientwindow,,https://www.facebook.com/clientwindow,"IT Solutions, MTD, Sales & Marketing","Tax & MTD, Marketing & Growth","Marketing & Growth, Tax & MTD","Accountants in Practice, Bookkeepers",ClientWindow allows accountancy firms to manage client WhatsApp communication in both staff email and practice management software. - Delight clients who prefer convenient WhatsApp messaging - Chase information more effectively with more consistent responses - Allow clients to send invoices and receipts over WhatsApp - Build new business pipeline by offering WhatsApp as an enquiry channel,https://divcommanual.com/acx-fds/exhibitor-listing/clientwindow/,https://divcommanual.com/acx-fds/wp-content/uploads/sites/6/2026/02/cw_logo_icon_primary.png,4,FALSE
Accountex,Closeday,1404,Standard Show Guide Entry,Accountex London,United Kingdom (UK),https://www.closeday.com,,,,"Insolvency, Restructuring & Business Recovery, Legal & Solicitor Services",Banking & Payments,Banking & Payments,"Accountants in Practice, Accountants in Industry/Business","The UK's first digital insolvency practitioner. Fixed fees, fast process, fully digital. The closure service your clients deserve.",https://divcommanual.com/acx-fds/exhibitor-listing/closeday/,https://divcommanual.com/acx-fds/wp-content/uploads/sites/6/2026/03/closeday-square.png,5,FALSE
Accountex,Cloud2me,370,Standard Show Guide Entry,Accountex London,United Kingdom (UK),https://www.cloud2me.co.uk/for-accountants/,https://www.linkedin.com/company/cloud2me,,,"Accounting Software, Cyber Security, IT Solutions, Practice & Project Management","Cyber Security, Technology & Software, Practice Management","Practice Management, Cyber Security, Bookkeeping","Accountants in Practice, Accountants in Industry/Business, Bookkeepers","Cloud IT, designed specifically for Accountants.  Specialists in the Accountancy Sector  Key software knowledge, including managed updates  Sector leading data protection and security  Impeccable support with extended support hours during busy periods  Knowledge of key practice workflows  Seamless practice onboarding  Transparent pricing",https://divcommanual.com/acx-fds/exhibitor-listing/cloud2me/,https://divcommanual.com/acx-fds/wp-content/uploads/sites/6/2026/02/logo.png,13,FALSE
Accountex,Combinely,1620,Standard Show Guide Entry,Accountex London,United Kingdom (UK),https://www.combinely.ai,https://www.linkedin.com/company/combinely,,,"Accounting Software, AI & Automation, MTD, Tax","Bookkeeping, AI & Automation, Tax & MTD","AI & Automation, Bookkeeping, Tax & MTD",,AI Co-Worker for Accountants. Streamline everything from data extraction to review and client delivery - on a secure platform that lets your team focus on delivering value.,https://divcommanual.com/acx-fds/exhibitor-listing/combinely/,https://divcommanual.com/acx-fds/wp-content/uploads/sites/6/2026/04/Untitled-design-4.png,5,FALSE
Accountex,Companies House,984,Standard Show Guide Entry,Accountex London,United Kingdom (UK),https://www.gov.uk/government/organisations/companies-house,https://www.linkedin.com/company/companies-house/posts/?feedView=all,https://x.com/CompaniesHouse,https://www.facebook.com/CompaniesHouse,No products listed,Tax & MTD,Tax & MTD,Tax & MTD,"Companies House is an executive agency of the Department for Business and Trade. We drive confidence in the economy by creating a transparent and accountable business environment. Use of our data informs business and consumer decisions, supports growth and helps disrupt economic crime. More than 5 million limited companies are registered in the UK.",https://divcommanual.com/acx-fds/exhibitor-listing/companies-house/,https://divcommanual.com/acx-fds/wp-content/uploads/sites/6/2026/01/CH-logo_450-x-450.png,0,FALSE
Accountex,Compound Pension,1030,Standard Show Guide Entry,Accountex London,United Kingdom (UK),https://compoundapp.co.uk/,https://www.linkedin.com/company/compound-digital-ltd/?viewAsMember=true,,https://www.facebook.com/profile.php?id=61562007471633,"Auto Enrolment & Pensions, Employee Benefits / Incentives / Salary Sacrifice, Payroll","Payroll, HR & People","HR & Leadership, Payroll","Accountants in Practice, Accountants in Industry/Business, Bookkeepers","Compound is a modern workplace pension designed for accountants and the firms they support. We make setting up and managing workplace pensions simple, compliant, and fast - while giving employees an engaging way to track and combine their pensions. Compound helps accountants reduce admin, add value to clients, and turn pensions into a smarter, more meaningful benefit.",https://divcommanual.com/acx-fds/exhibitor-listing/compound-pension/,https://divcommanual.com/acx-fds/wp-content/uploads/sites/6/2026/02/Group-51076763.png,4,FALSE
Accountex,Confiance Business Solutions,1844,Standard Show Guide Entry,Accountex London,United Kingdom (UK),https://confiancebizsol.com/,,,,"Accounting Software, Accounts Payable / Accounts Receivable, Cash Flow Forecasting, Outsourcing / Offshoring, VAT","Bookkeeping, Tax & MTD, Outsourcing","Bookkeeping, Outsourcing, Tax & MTD","Accountants in Practice, Accountants in Industry/Business, Bookkeepers","To provide high quality & timely services at competitive rates along with ""Peace of Mind"" by establishing a successful relationship with all our clients.",https://divcommanual.com/acx-fds/exhibitor-listing/confiance-business-solutions/,https://divcommanual.com/acx-fds/wp-content/uploads/sites/6/2026/02/CBS-logo-dark.png,1500,FALSE
Accountex,Constant Contact,1354,Standard Show Guide Entry,Accountex London,United Kingdom (UK),https://www.constantcontact.com/uk,https://www.linkedin.com/company/constant-contact/,https://x.com/constantcontact?lang=en,https://www.facebook.com/constantcontact/,"AI & Automation, IT Solutions, Sales & Marketing","AI & Automation, Marketing & Growth","Marketing & Growth, AI & Automation","Accountants in Practice, Accountants in Industry/Business","Constant Contact is the AI-powered marketing partner for small businesses, professional services and non-profits - helping entrepreneurs market smarter, reach the right customers, and grow their brand across email, social and events. Learn more at constantcontact.com/uk",https://divcommanual.com/acx-fds/exhibitor-listing/constant-contact/,https://divcommanual.com/acx-fds/wp-content/uploads/sites/6/2026/03/CTCT_Logo_H_Stack_FC_RGB-301x86-41a170f.png,1300,FALSE
Accountex,CPA.com,360,Standard Show Guide Entry,Accountex London,United States (US),https://www.cpa.com,https://www.linkedin.com/company/cpa-com/,https://x.com/CPAcom,https://www.facebook.com/CPAdotcom/,"Accounting Software, Education & Qualifications, Practice & Project Management, Research & Development","Bookkeeping, Practice Management, HR & People","Practice Management, Bookkeeping, HR & Leadership",Accountants in Practice,"CPA.com looks ahead to what's next and enables accounting firms and finance teams to evolve and innovate across practice areas and business to stay ahead of a rapidly changing business landscape and deliver more value to clients. As an affiliate of the American Institute of CPAs (AICPA), we connect firms of all sizes with the expert insights, strategies, resources",https://divcommanual.com/acx-fds/exhibitor-listing/cpa-com/,https://divcommanual.com/acx-fds/wp-content/uploads/sites/6/2026/04/CPA.com-Logo-Accountex.jpg,230,FALSE
Accountex,CPDFlow,501M,Standard Show Guide Entry,Accountex London,United Kingdom (UK),https://cpdflow.com,,,,"Analytics & Reporting, Education & Qualifications, Recruitment & Training","Data & Analytics, HR & People","Data & Analytics, HR & Leadership",Accountants in Industry/Business,"CPDFlow is a new CPD management platform built specifically for CIMA members. Structured around the CGMA Competency Framework, it guides you through the complete CPD cycle - from competency self-assessment and development planning to activity logging and audit-ready reporting.",https://divcommanual.com/acx-fds/exhibitor-listing/cpdflow/,https://divcommanual.com/acx-fds/wp-content/uploads/sites/6/2026/04/logo.png,0,FALSE
Accountex,CPDStore,1980,Standard Show Guide Entry,Accountex London,United Kingdom (UK),https://www.cpdstore.co.uk/,https://www.linkedin.com/company/cpdstore/posts/?feedView=all,https://x.com/CPDStore,https://www.facebook.com/cpd.store.uk#,Education & Qualifications,HR & People,HR & Leadership,"Accountants in Practice, Accountants in Industry/Business, Bookkeepers","CPDStore provides accountants and bookkeepers with an online learning platform to achieve their CPD requirements. With 150+ industry expert speakers, 600+ accounting courses, and 120+ yearly webinars, CPD Club is the perfect learning programme to ensure 100% regulatory and verified CPD compliance. Join 3,000 CPD club members for unlimited courses, webinars, conferences and earn CPD per minute.",https://divcommanual.com/acx-fds/exhibitor-listing/cpdstore/,https://divcommanual.com/acx-fds/wp-content/uploads/sites/6/2026/02/CPDStore-Logo.png,9,FALSE
Accountex,Croner,1810,Standard Show Guide Entry,Accountex London,United Kingdom (UK),https://www.croneri.co.uk/,https://uk.linkedin.com/company/croner-i,,,"Accounting Software, Audit, MTD, Tax, VAT","Bookkeeping, Tax & MTD","Bookkeeping, Tax & MTD","Accountants in Practice, Accountants in Industry/Business, Bookkeepers","With complete coverage of UK and international tax, UK GAAP and IFRS accounting, our services will cover all of your business' day-to-day tax and accounting information needs in one place, giving you complete peace of mind - there is no need to go elsewhere.",https://divcommanual.com/acx-fds/exhibitor-listing/croner/,https://divcommanual.com/acx-fds/wp-content/uploads/sites/6/2026/04/Accountex-CRONER.png,310,FALSE
Accountex,Croner VIP Tax,1821,Standard Show Guide Entry,Accountex London,United Kingdom (UK),https://www.croneri.co.uk/cl/my-vip-tax-consultancy-accountants,,,,"Consulting & Business Services, Insolvency, Restructuring & Business Recovery, MTD, Tax, VAT","Tax & MTD, Banking & Payments","Banking & Payments, Tax & MTD",Accountants in Practice,Our accountancy consultants provide the elite accountant services you need to navigate complex financial hurdles. A VIP accountant and tax advisor specialised in your specific issue will provide you with the resources and indemnified advice of professional tax consultants to find a swift resolution.,https://divcommanual.com/acx-fds/exhibitor-listing/croner-vip-tax/,https://divcommanual.com/acx-fds/wp-content/uploads/sites/6/2026/04/CRONER-VIP.png,310,FALSE
Accountex,Datamatics Business Solutions,1820,Standard Show Guide Entry,Accountex London,India,https://datamaticscpa.com/,,,,"Accounts Payable / Accounts Receivable, Audit, MTD, Outsourcing / Offshoring","Bookkeeping, Tax & MTD, Outsourcing","Bookkeeping, Outsourcing, Tax & MTD","Accountants in Industry/Business, Bookkeepers","With over 20 years of expertise, Datamatics Business Solutions provides scalable Accounting, Bookkeeping, Audit, Tax, and Client Advisory Services (CAS) exclusively to CPA and accounting firms worldwide. We function as a dedicated strategic partner, never competing with our clients. Our mission is to drive firm efficiency through expert back-office support, empowering you to focus on growth",https://divcommanual.com/acx-fds/exhibitor-listing/datamatics-business-solutions/,https://divcommanual.com/acx-fds/wp-content/uploads/sites/6/2026/03/logo_450px_x_450px1.jpg,0,FALSE
Accountex,DataSnipper,974,Standard Show Guide Entry,Accountex London,Netherlands,https://www.datasnipper.com/,https://www.linkedin.com/company/datasnipper/,,,"Accounting Software, AI & Automation, Data Entry / OCR (Optical Character Recognition), Document Management","Bookkeeping, AI & Automation, Document Management, Doc Automation","Document Management, AI & Automation, Data & Analytics, Bookkeeping",,"DataSnipper is an AI-powered automation platform for audit and finance teams. It reduces manual work, speeds document analysis, and streamlines complex workflows while keeping full transparency and control. Trusted by the Big Four, Fortune 500 companies, enterprises, and government agencies, DataSnipper supports professionals in 175+ countries.",https://divcommanual.com/acx-fds/exhibitor-listing/datasnipper/,https://divcommanual.com/acx-fds/wp-content/uploads/sites/6/2026/03/logo_full_dark_450x450.png,260,FALSE
Accountex,DataTracks,911,Standard Show Guide Entry,Accountex London,Singapore,https://datatracks.com/uk/,https://www.linkedin.com/company/datatracks/,https://x.com/DataTracks,https://www.facebook.com/DataTracks/,"Data Entry / OCR (Optical Character Recognition), Document Management, IT Solutions, MTD, Outsourcing / Offshoring","Tax & MTD, Document Management, Doc Automation, Outsourcing","Document Management, Data & Analytics, Outsourcing, Tax & MTD",,"DataTracks is the global leader in cloud-based regulatory compliance reporting - trusted by 30,000+ clients across 25+ countries, with 450,000+ reports delivered since 2005. Supporting regulators including the SEC, HMRC and ESMA, we convert complex financial data into compliant XBRL, iXBRL and XML formats - accurately, on time, every time. Headquartered in Singapore.",https://divcommanual.com/acx-fds/exhibitor-listing/datatracks/,https://divcommanual.com/acx-fds/wp-content/uploads/sites/6/2026/04/logo-DT.png,550,FALSE
Accountex,Dext,1184,Standard Show Guide Entry,Accountex London,United Kingdom (UK),https://www.dext.com,https://www.linkedin.com/company/hellodext,https://x.com/dextofficial,https://www.facebook.com/hellodext,"Accounting Software, AI & Automation, Data Entry / OCR (Optical Character Recognition), MTD, Payment Process Services","Bookkeeping, AI & Automation, Tax & MTD, Doc Automation, Banking & Payments","Banking & Payments, AI & Automation, Data & Analytics, Bookkeeping, Tax & MTD","Accountants in Practice, Accountants in Industry/Business, Bookkeepers","Dext, part of the IRIS Software Group, is a global leader of AI-powered bookkeeping automation. Since 2010, it has helped accountants, bookkeepers, and businesses reduce manual work. Its AI, trained on over 1 billion receipts and invoices with 99.5% accuracy, streamlines financial data processes. Trusted by hundreds of thousands globally, Dext integrates with major software, banks, & marketplaces.",https://divcommanual.com/acx-fds/exhibitor-listing/dext/,https://divcommanual.com/acx-fds/wp-content/uploads/sites/6/2026/04/Dext-Logo_450x450.jpg,500,FALSE
Accountex,DNS NEXUS,1010,Standard Show Guide Entry,Accountex London,United Kingdom (UK),https://www.dnsnexus.co.uk/,,,,"Consulting & Business Services, Practice & Project Management",Practice Management,Practice Management,Accountants in Practice,"Running a small accountancy practice is tougher than ever. Compliance is rising, technology moves fast, talent is scarce, margins are tight, and cashflow matters-while clients still expect more. That's where the dns network helps. We're not a franchise, but a growth partner, offering top-100 firm tools and support, while you keep your name, clients, and independence.",https://divcommanual.com/acx-fds/exhibitor-listing/dns-nexus/,https://divcommanual.com/acx-fds/wp-content/uploads/sites/6/2026/01/Logo-450x450-1.png,0,FALSE
Accountex,Doc2,480,Standard Show Guide Entry,Accountex London,United Kingdom (UK),https://doc2.co,https://www.linkedin.com/company/doc2,,https://www.facebook.com/Doc2co/,"AML - Anti Money Laundering, Document Management","Document Management, AML/KYC","Document Management, AML/KYC","Accountants in Practice, Accountants in Industry/Business, Bookkeepers","Doc2 helps accountants and finance teams streamline document workflows, turning templates into ready to sign documents. Generate engagement letters, contracts and compliance documents through simple data capture. Integrated IDV and AML checks ensure compliance. Clients return documents rapidly, aiding compliance and moving deals along, reducing risk and delays.",https://divcommanual.com/acx-fds/exhibitor-listing/doc2/,https://divcommanual.com/acx-fds/wp-content/uploads/sites/6/2026/04/logo-dark-trans-3.png,11,FALSE
Accountex,Docusoft,920,Standard Show Guide Entry,Accountex London,United Kingdom (UK),https://www.docusoft.net,https://www.linkedin.com/company/docusoft,https://x.com/docusoft,https://www.facebook.com/Docusoft/,"AI & Automation, CRM, Document Management, Practice & Project Management",Document Management,"Document Management, Practice Management, AI & Automation, Marketing & Growth",Accountants in Practice,"Docusoft Practice Manager is an all-in-one platform for accountancy firms to manage clients, workflows, documents and compliance in one secure system. With onboarding, task management, automated reminders and integrated document storage, it reduces admin, improves efficiency and helps growing practices stay in control.",https://divcommanual.com/acx-fds/exhibitor-listing/docusoft/,https://divcommanual.com/acx-fds/wp-content/uploads/sites/6/2026/02/1200x1200-1.png,33,FALSE
Accountex,Doshi Outsourcing,1165,Standard Show Guide Entry,Accountex London,United Kingdom (UK),https://www.doshioutsourcing.com,https://www.linkedin.com/company/doshi-outsourcing/posts/?feedView=all,https://x.com/Doshi_Outsource,,Outsourcing / Offshoring,Outsourcing,Outsourcing,"Accountants in Practice, Accountants in Industry/Business, Bookkeepers","If the ""cost of recruitment & retention"", along with ""quality staff"" are a hot topic within your work place, then you need to speak with Doshi Outsourcing. Save time, money and a headache with a UK centric outsourcer/offshore firm with a Top 100 Accountancy firm at the heart of its operations since 1999",https://divcommanual.com/acx-fds/exhibitor-listing/doshi-outsourcing/,https://divcommanual.com/acx-fds/wp-content/uploads/sites/6/2026/01/DOSHI-OUTSOURCING-logo.png,18,FALSE
Accountex,Draftworx,590,Standard Show Guide Entry,Accountex London,South Africa,https://www.draftworx.com,https://www.linkedin.com/company/draftworxteam,https://twitter.com/DraftworxTeam,https://www.facebook.com/draftworx,"Accounting Software, Audit, Document Management, Practice & Project Management","Bookkeeping, Practice Management, Document Management","Document Management, Practice Management, Bookkeeping","Accountants in Practice, Accountants in Industry/Business, Bookkeepers",Draftworx is a leading provider of AFS Preparation and Working Paper solutions. Simple. Powerful. Compliant. From Sole Proprietor to FRS to IFRS financials. Compilations to Audit. Web browser or on the desktop. Draftworx is trusted by over 20 000 users in 22 countries.,https://divcommanual.com/acx-fds/exhibitor-listing/draftworx/,https://divcommanual.com/acx-fds/wp-content/uploads/sites/6/2026/01/DX-Logo-for-Accountex-2.png,37,FALSE
Accountex,Dunner,501N,Standard Show Guide Entry,Accountex London,United Kingdom (UK),https://www.getdunner.com/,https://www.linkedin.com/company/get-dunner,,,"Accounting Software, Accounts Payable / Accounts Receivable, AI & Automation, Analytics & Reporting, Cash Flow Forecasting","Bookkeeping, AI & Automation, Data & Analytics","Data & Analytics, AI & Automation, Bookkeeping","Accountants in Practice, Accountants in Industry/Business, Other","Dunner gives finance teams full control over overdue accounts - without the manual work. Dunner follows up by email and AI voice - with real conversations, empathetic, professional, and on-brand - the moment a payment is late. You set the rules. Your customers get a professional experience. Smarter receivables. Faster inflow. Clearer forecasting.",https://divcommanual.com/acx-fds/exhibitor-listing/dunner/,https://divcommanual.com/acx-fds/wp-content/uploads/sites/6/2026/04/dunner-logo-icon.png,0,FALSE
Accountex,EAGL,501J,Standard Show Guide Entry,Accountex London,Belgium,https://www.geteagl.com,https://www.linkedin.com/company/geteagl/,,,"Accounting Software, AI & Automation","Bookkeeping, AI & Automation","AI & Automation, Bookkeeping","Accountants in Practice, Accountants in Industry/Business, Bookkeepers","EAGL is an AI-powered finance automation platform built for mid-market finance teams. Our AI agents handle the heavy lifting of month-end close: accrual management, account reconciliation, and financial controlling. EAGL eliminates manual work, catches errors before they compound, and gives finance teams the confidence to close faster with better data quality.",https://divcommanual.com/acx-fds/exhibitor-listing/eagl/,https://divcommanual.com/acx-fds/wp-content/uploads/sites/6/2026/03/eagl4letters.png,8,FALSE
Accountex,EazyCapture,501C,Standard Show Guide Entry,Accountex London,United Kingdom (UK),https://eazycapture.com,https://www.linkedin.com/company/eazycapture,https://x.com/eazycapture,https://www.facebook.com/people/EazyCapture/61580212862431/,"Accounting Software, AI & Automation, Data Entry / OCR (Optical Character Recognition), MTD","Bookkeeping, AI & Automation, Tax & MTD, Doc Automation","AI & Automation, Data & Analytics, Bookkeeping, Tax & MTD","Accountants in Practice, Accountants in Industry/Business, Bookkeepers","EAZY CAPTURE. Upload PDF, forward an email, snap a photo (even multiple invoices at once). Everything goes straight to your EazyCapture inbox. CATEGORISE. Key details like supplier, date, amount, VAT, and line-items are extracted in minutes, with smart checks to avoid duplicates. PUBLISH. Send entries directly to Xero, QuickBooks, Sage, FreeAgent (coming soon), with original document attached",https://divcommanual.com/acx-fds/exhibitor-listing/eazycapture/,https://divcommanual.com/acx-fds/wp-content/uploads/sites/6/2026/01/4.png,6,FALSE
Accountex,Edge of Difference,1802,Standard Show Guide Entry,Accountex London,United Kingdom (UK),https://edgeofdifference.com/,,,,No products listed,,Other,,"At Edge Of Difference we help you create inclusive employee cultures for business success. Our immersive diversity, equity and inclusion leadership programmes drive business performance, recruitment, retention, building diverse leadership pipelines and equipping managers to lead high-performing teams.",https://divcommanual.com/acx-fds/exhibitor-listing/edge-of-difference/,https://divcommanual.com/acx-fds/wp-content/uploads/sites/6/2026/04/Untitled-design-15.png,3,FALSE
Accountex,Employment Hero,834,Standard Show Guide Entry,Accountex London,United Kingdom (UK),https://employmenthero.com/uk/,https://www.linkedin.com/company/employment-hero/,https://x.com/EmploymentHero,https://www.facebook.com/EmploymentHero,"AI & Automation, Analytics & Reporting, HR, Payment Process Services, Payroll","AI & Automation, Payroll, Data & Analytics, HR & People, Banking & Payments","Banking & Payments, Data & Analytics, AI & Automation, HR & Leadership, Payroll","Accountants in Practice, Accountants in Industry/Business","Run payroll without the manual grind. Employment Hero gives accountants and bureaus one place to manage every client, automate compliance and cut double handling. It's HMRC-recognised, easy to use and built for scale. Plus, our Partner Programme lets you earn through HR referrals or add extra value to your clients.",https://divcommanual.com/acx-fds/exhibitor-listing/employment-hero/,https://divcommanual.com/acx-fds/wp-content/uploads/sites/6/2026/02/Favicon-with-bunny.jpg,1900,FALSE
Accountex,Engager by TaxCalc,750,Standard Show Guide Entry,Accountex London,United Kingdom (UK),https://engager.app/,https://uk.linkedin.com/company/taxcalc,https://x.com/taxcalc,https://www.facebook.com/taxcalc/,"Accounting Software, Document Management, Practice & Project Management","Bookkeeping, Practice Management, Document Management","Document Management, Practice Management, Bookkeeping","Accountants in Practice, Accountants in Industry/Business, Bookkeepers","Engager, by TaxCalc offers end to end practice management in the cloud - from proposals to payments and fully integrated with TaxCalc",https://divcommanual.com/acx-fds/exhibitor-listing/engager-by-taxcalc/,https://divcommanual.com/acx-fds/wp-content/uploads/sites/6/2026/04/Accountex-Tile-%E2%80%93-Engager-Navy-%E2%80%93-Engager-by-TaxCalc.png,10,FALSE
Accountex,FD Intelligence,1611,Standard Show Guide Entry,Accountex London,United Kingdom (UK),https://www.fdintelligence.co.uk/,https://www.linkedin.com/company/69258466/admin/dashboard/,,,"AI & Automation, Tax, VAT","AI & Automation, Tax & MTD","AI & Automation, Tax & MTD",Accountants in Practice,"FD Intelligence has combined Agentic AI with its accountancy expertise to help UK tax teams unlock productivity, profit, and performance. Agentic AI expert solutions - PETAR(TM), an award-winning personal tax tool, and TIA(TM) for technical tax research, are helping fuel faster ROI and new opportunities for 50% of the top 50 and wider 100 UK accounting firms.",https://divcommanual.com/acx-fds/exhibitor-listing/fd-intelligence/,https://divcommanual.com/acx-fds/wp-content/uploads/sites/6/2026/04/FDi_Logo_Final-Copy2.jpg,25,FALSE
Accountex,FigsFlow,1310,Standard Show Guide Entry,Accountex London,United Kingdom (UK),https://www.figsflow.com,https://www.linkedin.com/company/figsflow/posts/?feedView=all,https://x.com/FigsFlow,https://www.facebook.com/figsflow/,"AI & Automation, AML - Anti Money Laundering, CRM, MTD, Practice & Project Management","Practice Management, AI & Automation, Tax & MTD, CRM & Comms, AML/KYC","Practice Management, AI & Automation, Marketing & Growth, Tax & MTD, AML/KYC","Accountants in Practice, Bookkeepers, Other","FigsFlow is a complete onboarding platform designed for accountants, bookkeepers, and tax advisers. Built by accountants, the software streamlines proposal creation, engagement letters, pricing management, and AML checks through automation and regulatory-compliant templates, helping firms boost efficiency and profitability.",https://divcommanual.com/acx-fds/exhibitor-listing/figsflow/,https://divcommanual.com/acx-fds/wp-content/uploads/sites/6/2026/01/FigsFlow-Logo-2.jpg,3,FALSE
Accountex,Findity,1560,Standard Show Guide Entry,Accountex London,Sweden,https://www.findity.com/,https://www.linkedin.com/company/findity/,,https://www.facebook.com/Findity/,Expense Management,Expenses,Other,Other,"Findity is the leader in Embedded Expense Management. We provide a card-agnostic, AI-powered platform, enabling companies to offer a localised, branded expense solution. Our headless architecture allows partners to build via Expense API or go to market instantly with our white-label solution. We are the trusted technology behind the world's most innovative expense products.",https://divcommanual.com/acx-fds/exhibitor-listing/findity/,https://divcommanual.com/acx-fds/wp-content/uploads/sites/6/2026/02/Findity_logo_primary_green_RGB-450x450-1.png,73,FALSE
Accountex,Firmcheck,1931,Standard Show Guide Entry,Accountex London,United Kingdom (UK),https://www.firmcheck.com/,,,,"Accounting Software, AML - Anti Money Laundering","Bookkeeping, AML/KYC","Bookkeeping, AML/KYC",Accountants in Practice,"Firmcheck helps UK accounting firms manage anti-money laundering compliance in one simple, powerful platform. We streamline client onboarding, risk assessments, ID verification, monitoring, and reporting so firms stay fully compliant with confidence and save time on manual work. Trusted by accountants, Firmcheck turns complex AML requirements into clear, efficient workflows.",https://divcommanual.com/acx-fds/exhibitor-listing/firmcheck/,https://divcommanual.com/acx-fds/wp-content/uploads/sites/6/2026/02/firmcheck-logo-450.png,13,FALSE
Accountex,First Corporate Law Services,740,Standard Show Guide Entry,Accountex London,United Kingdom (UK),https://www.fcls.co.uk,https://uk.linkedin.com/company/first-corporate-law-services,https://x.com/fclsgroup?lang=en,https://www.facebook.com/fclsgroupLtd,"Accounting Software, IT Solutions, Legal & Solicitor Services, Outsourcing / Offshoring","Bookkeeping, Outsourcing","Bookkeeping, Outsourcing","Accountants in Practice, Accountants in Industry/Business, Bookkeepers","Looking for a reliable, expert and friendly team to support your business? You're in the right place. For over 25 years, we've been the trusted partner to hundreds of accountancy and legal firms, who depend on FCLS for everything from fast company formations to complex share restructures.",https://divcommanual.com/acx-fds/exhibitor-listing/first-corporate-law-services/,https://divcommanual.com/acx-fds/wp-content/uploads/sites/6/2026/01/logo_v5_hex_d9e4ef-1.png,27,FALSE
Accountex,First Intuition,1941,Standard Show Guide Entry,Accountex London,United Kingdom (UK),https://www.fi.co.uk,https://www.linkedin.com/company/first-intuition,,https://www.facebook.com/firstintuition,Education & Qualifications,HR & People,HR & Leadership,"Accountants in Practice, Accountants in Industry/Business, Other","First Intuition is an award-winning UK accountancy training provider delivering classroom, distance learning and apprenticeship programmes nationwide. Specialising in AAT, ACCA, CIMA and ICAEW qualifications, it supports learners from entry-level to Level 7. With a strong focus on quality, student care and employer partnerships, it equips professionals with skills for lifelong careers.",https://divcommanual.com/acx-fds/exhibitor-listing/first-intuition/,https://divcommanual.com/acx-fds/wp-content/uploads/sites/6/2026/02/FI-Logo-Black-Green-Zing-Transparent.png,5,FALSE
Accountex,Flagstone,364,Standard Show Guide Entry,Accountex London,United Kingdom (UK),https://www.flagstoneim.com/,https://www.linkedin.com/company/3268156/admin/dashboard/,https://x.com/FlagstoneGroup,https://www.facebook.com/flagstoneim/?locale=en_GB,Cash Flow Forecasting,Bookkeeping,Bookkeeping,"Accountants in Practice, Accountants in Industry/Business","Flagstone allows savers, businesses and charities spread their cash between 65+ banks. All in one platform, with one password. They can open as many accounts as they need, without multiple applications or ID checks. With more bank partners than any other platform, Flagstone clients capitalise on 200+ high-interest rates from across the market.",https://divcommanual.com/acx-fds/exhibitor-listing/flagstone/,https://divcommanual.com/acx-fds/wp-content/uploads/sites/6/2026/03/FS_rgb_fc_horizontal-dark_logo.png,380,FALSE
Accountex,FreeAgent,180,Standard Show Guide Entry,Accountex London,United Kingdom (UK),https://www.freeagent.com/accountants/,https://www.linkedin.com/company/freeagent/,https://x.com/freeagent,https://www.facebook.com/freeagentapp,"Accounting Software, Cash Flow Forecasting, MTD, Tax, VAT","Bookkeeping, Tax & MTD","Bookkeeping, Tax & MTD","Accountants in Practice, Bookkeepers","FreeAgent is award-winning UK-based accounting software used by over 200,000 small businesses, landlords and their accountants and bookkeepers. Easy for clients to use, with a handy mobile app, hassle-free expense tracking, invoicing and bank feeds, FreeAgent offers MTD-compliant VAT filing, Self Assessment, Final Accounts, Corporation Tax and much more.",https://divcommanual.com/acx-fds/exhibitor-listing/freeagent/,https://divcommanual.com/acx-fds/wp-content/uploads/sites/6/2026/02/FreeAgent_Logo_Blue70_450x450.png,400,FALSE
Accountex,FuseSign,845,Standard Show Guide Entry,Accountex London,United Kingdom (UK),https://www.fusesign.com,https://www.linkedin.com/showcase/fusesign,,https://www.facebook.com/FuseSign,Accounting Software,"Bookkeeping, eSign","Bookkeeping, Document Management","Accountants in Practice, Accountants in Industry/Business, Bookkeepers","FuseSign is a e-signing platform that puts you in the driver's seat. It allows users to have greater control and flexibility, with highly customisable settings and features and an intuitive, easy to use design for an outstanding client experience. The results are significant savings in costs and human resources, professional and standardised systems for brand consistency and a happier team.",https://divcommanual.com/acx-fds/exhibitor-listing/fusesign/,https://divcommanual.com/acx-fds/wp-content/uploads/sites/6/2026/01/FuseSign-logo-POS_76x76px-01.png,0,FALSE
Accountex,FYI,844,Standard Show Guide Entry,Accountex London,United Kingdom (UK),https://fyi.app/uk/,https://www.linkedin.com/company/fyi-docs/,https://twitter.com/fyi_docs,,"Accounting Software, Document Management, Practice & Project Management","Bookkeeping, Practice Management, Document Management","Document Management, Practice Management, Bookkeeping","Accountants in Practice, Accountants in Industry/Business","FYI is the cloud-based document and practice management platform built by accountants, for accountants. We understand the pressures of running a modern practice - managing clients, documents, emails, tasks and compliance - and we've designed FYI to make every part of that easier, faster and more efficient.",https://divcommanual.com/acx-fds/exhibitor-listing/fyi/,https://divcommanual.com/acx-fds/wp-content/uploads/sites/6/2026/02/FYI-Logo.jpg,120,FALSE
Accountex,Garfield AI,1374,Standard Show Guide Entry,Accountex London,United Kingdom (UK),https://www.garfield.law,https://www.linkedin.com/company/garfield-law,,,"Accounts Payable / Accounts Receivable, AI & Automation, Legal & Solicitor Services","Bookkeeping, AI & Automation","AI & Automation, Bookkeeping","Accountants in Practice, Accountants in Industry/Business, Bookkeepers, Other","Garfield is a web-based, AI-powered, platform that helps businesses recover debts of up to GBP10,000 at scale through the small claims court process in England and Wales. It is a law firm authorised and regulated by the Solicitors Regulation Authority. Garfield makes debt recovery faster, simpler and more affordable by turning unpaid invoices into enforceable legal action with minimal manual effort.",https://divcommanual.com/acx-fds/exhibitor-listing/garfield-ai/,https://divcommanual.com/acx-fds/wp-content/uploads/sites/6/2026/04/Garfield-Logo-white-smaller.png,7,FALSE
Accountex,Generational Planning Group,1545,Standard Show Guide Entry,Accountex London,United Kingdom (UK),https://gwm.org.uk/,,,,Corporate Finance / Mergers & Acquisitions,Banking & Payments,Banking & Payments,Other,"At the Generational Wealth Management (GWM), we are proud to be able to offer a full and comprehensive service to our clients, concerning their generational planning. This can encompass important areas such as Will Writing and Power of Attorney preparation, right through to Wealth Management and Legacy Planning.",https://divcommanual.com/acx-fds/exhibitor-listing/generational-planning-group/,https://divcommanual.com/acx-fds/wp-content/uploads/sites/6/2026/01/GPG-logo.png,11,FALSE
Accountex,GI Outsourcing,1530,Standard Show Guide Entry,Accountex London,United Kingdom (UK),https://www.gioutsourcing.com/,https://www.linkedin.com/company/global-infosys/,,,"Accounts Payable / Accounts Receivable, Audit, Outsourcing / Offshoring, Payroll, VAT","Bookkeeping, Tax & MTD, Payroll, Outsourcing","Bookkeeping, Outsourcing, Tax & MTD, Payroll","Accountants in Practice, Accountants in Industry/Business, Bookkeepers","GI Outsourcing is a global accounting & audit outsourcing & offshoring provider operating from India and South Africa, powered by a 250""'strong ISO""'certified team. With over 25 years' experience, we deliver fully integrated bookkeeping & VAT, year""'end, payroll, tax and audit services. Our mission: give clients back time, control and genuine peace of mind.",https://divcommanual.com/acx-fds/exhibitor-listing/gi-outsourcing/,https://divcommanual.com/acx-fds/wp-content/uploads/sites/6/2026/02/LOGO-2.png,300,FALSE
Accountex,Glide - Workflow and Resource management,1744,Standard Show Guide Entry,Accountex London,United Kingdom (UK),https://glideworkflow.com/,https://www.linkedin.com/company/glide-practice-solutions-limited,,,"MTD, Payroll, Practice & Project Management, Tax, VAT","Practice Management, Tax & MTD, Payroll","Practice Management, Tax & MTD, Payroll","Accountants in Practice, Accountants in Industry/Business, Bookkeepers, Other","Glide's unique workflow management approach gives extreme control and visibility, helping firms to provide excellent customer service. Extremely customisable, Glide can be used to track any activity. Use our tools to fully automate outbound communications. Use Glide's Scheduler to improve resource allocation and manager capacity. New for 2026: job budgets arrive in Glide.",https://divcommanual.com/acx-fds/exhibitor-listing/glide-workflow-and-resource-management/,https://divcommanual.com/acx-fds/wp-content/uploads/sites/6/2026/02/Small-Social-Media-Profile-Logo.jpg,2,FALSE
Accountex,GoCardless,910,Standard Show Guide Entry,Accountex London,United Kingdom (UK),https://www.gocardless.com/,https://www.linkedin.com/company/gocardless/,https://x.com/GoCardless,https://www.facebook.com/GoCardless/,"AI & Automation, Banking Services / Open Banking / Payment / FX Budgeting, Payment Process Services","AI & Automation, Banking & Payments, Expenses","Banking & Payments, AI & Automation","Accountants in Practice, Accountants in Industry/Business, Bookkeepers","GoCardless is a global payments company serving over 100,000 businesses. It enables secure, cost-effective bank transfers for recurring and one-off payments, reducing admin and late or failed payments. Seamlessly integrating with accounting systems, it provides a reliable way for small businesses and big brands to get paid on time, every time.",https://divcommanual.com/acx-fds/exhibitor-listing/gocardless/,https://divcommanual.com/acx-fds/wp-content/uploads/sites/6/2026/02/gocardless_logo.jpg,590,FALSE
Accountex,Hammock,1514,Standard Show Guide Entry,Accountex London,United Kingdom (UK),https://www.usehammock.com/landlord-mtd-for-accountants/,https://www.linkedin.com/company/usehammock,,,"Accounting Software, MTD, Tax","Bookkeeping, Tax & MTD","Bookkeeping, Tax & MTD","Accountants in Practice, Bookkeepers","Hammock is the first landlord software recognised by HMRC as compatible with MTD for Income Tax. We give landlords and their accountants real-time, secure access to digital records of their rental income and expenses. Hammock brings together all the key information landlords need to manage their property portfolio with what accountants need to submit the relevant filings.",https://divcommanual.com/acx-fds/exhibitor-listing/hammock/,https://divcommanual.com/acx-fds/wp-content/uploads/sites/6/2026/01/hammock_logo-square-bck.png,17,FALSE
Accountex,Hammock,483,Standard Show Guide Entry,Accountex London,United Kingdom (UK),https://www.usehammock.com,https://uk.linkedin.com/company/usehammock,https://x.com/UseHammock,https://www.facebook.com/usehammock,"Accounting Software, MTD, Tax","Bookkeeping, Tax & MTD","Bookkeeping, Tax & MTD","Accountants in Practice, Accountants in Industry/Business, Bookkeepers","Hammock is the first landlord software recognised by HMRC as compatible with MTD for Income Tax. We give landlords and their accountants real-time, secure access to digital records of their rental income and expenses. Hammock brings together all the key information landlords need to manage their property portfolio, with what accountants need to submit the relevant filings.",https://divcommanual.com/acx-fds/exhibitor-listing/hammock-1/,https://divcommanual.com/acx-fds/wp-content/uploads/sites/6/2026/04/hammock_logo-square-bck.png,17,FALSE
Accountex,HDUK,1761,Standard Show Guide Entry,Accountex London,United Kingdom (UK),https://www.hduk.co.uk/,https://www.linkedin.com/company/hduk/mycompany/,,,"Accounting Software, Cyber Security, IT Solutions","Bookkeeping, Cyber Security","Cyber Security, Bookkeeping","Accountants in Practice, Accountants in Industry/Business","HDUK delivers Cloud, Cyber, and Managed IT services across the UK and Europe. Specialists in the accounting sector, we keep your systems secure 24/7/365, so your fee earners stay fee earning. With the right expertise and infrastructure, we keep your business running without disruption.",https://divcommanual.com/acx-fds/exhibitor-listing/hduk/,https://divcommanual.com/acx-fds/wp-content/uploads/sites/6/2026/02/hduk_logo_400x200.png,31,FALSE
Accountex,Hello AI Collective Limited,1650,Standard Show Guide Entry,Accountex London,United Kingdom (UK),https://www.hello-ai.co.uk/,https://www.linkedin.com/company/helloaicollective/,,,"AI & Automation, Consulting & Business Services",AI & Automation,AI & Automation,"Accountants in Practice, Accountants in Industry/Business, Other","Hello AI Collective turns AI ambition into real""'world impact. Trusted across the UK, Europe and the US by partners like Lenovo, Microsoft and Sage, we design strategies that work, build scalable governance and security, drive genuine adoption, and create custom solutions when tools fall short. Independent and outcome""'driven, we stay accountable end""'to""'end. We make AI work properly.",https://divcommanual.com/acx-fds/exhibitor-listing/hello-ai-collective-limited/,https://divcommanual.com/acx-fds/wp-content/uploads/sites/6/2026/03/Full-Colour-Blue-small-res.png,4,FALSE
Accountex,HMRC,990,Standard Show Guide Entry,Accountex London,United Kingdom (UK),,,,,"MTD, Payroll, Tax, VAT","Tax & MTD, Payroll","Tax & MTD, Payroll",,"HMRC is the UK's tax, payments and customs authority. HMRC's collect the money that pays for the UK's public services, and helps families and individuals with targeted financial support. HMRC is a non-ministerial Department.",https://divcommanual.com/acx-fds/exhibitor-listing/hmrc/,https://divcommanual.com/acx-fds/wp-content/uploads/sites/6/2026/04/HMRC-LOGO-450.png,41,FALSE
Accountex,Home of Mortgages,1510,Standard Show Guide Entry,Accountex London,United Kingdom (UK),https://www.homeofmortgages.co.uk,https://www.linkedin.com/company/homeofmortgages,,https://www.facebook.com/HomeofMortgages,"Banking Services / Open Banking / Payment / FX Budgeting, Consulting & Business Services, Corporate Finance / Mergers & Acquisitions, Insurance",Banking & Payments,Banking & Payments,"Accountants in Practice, Accountants in Industry/Business","Home of Mortgages partners with accountants to support their clients with residential, buy-to-let and remortgage solutions, including complex cases for the self-employed and company directors. We understand your clients' finances and find the right mortgage for even the most intricate situations. Same day quotes, 1,500+ five-star reviews, and a team that's genuinely easy to work with.",https://divcommanual.com/acx-fds/exhibitor-listing/home-of-mortgages/,https://divcommanual.com/acx-fds/wp-content/uploads/sites/6/2026/02/HOM-Square-logo-for-GHL-Calendars.png,16,FALSE
Accountex,Hoxton Mix,571,Standard Show Guide Entry,Accountex London,United Kingdom (UK),https://www.hoxtonmix.com/enterprise/,https://www.linkedin.com/company/hoxton-mix/,,,"Accounting Software, AI & Automation, Document Management","Bookkeeping, AI & Automation, Document Management","Document Management, AI & Automation, Bookkeeping","Accountants in Practice, Accountants in Industry/Business, Bookkeepers","Registered office address and director service address solutions provider. With AI powered mail handling, user workflows and digital document management built-in. We provide you with a plug-and-play registered business and directors' service address solution that you can pass onto your clients to generate an incremental revenue stream and provide improved client services.",https://divcommanual.com/acx-fds/exhibitor-listing/hoxton-mix/,https://divcommanual.com/acx-fds/wp-content/uploads/sites/6/2026/03/HM-Logo.jpg,12,FALSE
Accountex,Husu,501E,Standard Show Guide Entry,Accountex London,United Kingdom (UK),https://www.husu.co.uk,https://www.linkedin.com/company/husucouk,,,"Analytics & Reporting, Consulting & Business Services",Data & Analytics,Data & Analytics,Accountants in Practice,"Husu helps accounting firms reduce burnout within teams by spotting early warning signs before performance and retention are affected. Our platform, Diagnosu, shows leaders which areas are causing productivity loss. We turn these insights into action, helping firms protect capacity, reduce attrition, and improve profitability through more sustainable performance across busy periods.",https://divcommanual.com/acx-fds/exhibitor-listing/husu/,https://divcommanual.com/acx-fds/wp-content/uploads/sites/6/2026/03/Husu-Antonio-II-cropped.png,2,FALSE
Accountex,ICB,394,Standard Show Guide Entry,Accountex London,United Kingdom (UK),https://www.bookkeepers.org.uk/,https://www.linkedin.com/company/3293162,,https://www.facebook.com/ICBUK,"Education & Qualifications, Practice & Project Management, Recruitment & Training, Research & Development","Practice Management, HR & People","Practice Management, HR & Leadership","Accountants in Practice, Bookkeepers","The Institute of Certified Bookkeepers (ICB) is the world's largest bookkeeping body, supporting a global community of bookkeepers with qualifications, CPD, and professional guidance. ICB enables connection, celebrates success, and champions the profession at every level. Members benefit from trusted credentials, expert support, and a warm, welcoming network that empowers them to grow, thrive, and",https://divcommanual.com/acx-fds/exhibitor-listing/icb/,https://divcommanual.com/acx-fds/wp-content/uploads/sites/6/2026/03/ICB-Logo-stacked-450x-450-1.png,46,FALSE
Accountex,iFAST Global Bank,470,Standard Show Guide Entry,Accountex London,United Kingdom (UK),https://www.ifastgb.com/en/home,https://www.linkedin.com/company/ifast-global-bank/,https://x.com/IFASTGB,https://www.facebook.com/iFASTBANK,"Accounts Payable / Accounts Receivable, Banking Services / Open Banking / Payment / FX Budgeting, Foreign Exchange and Multi-Currency Services, Payment Process Services, Sales & Marketing","Bookkeeping, Banking & Payments, Marketing & Growth","Banking & Payments, Marketing & Growth, Bookkeeping",Other,"As a UK-regulated bank, iFAST Global Bank bridges two core segments. For SMEs and Corporates, we streamline cross-border trade with interest-earning multi-currency accounts. For NBFIs and Fintechs, we deliver critical infrastructure-safeguarding funds and providing direct access to UK payment rails (FPS, CHAPS, SWIFT)-empowering institutions to scale with regulatory confidence",https://divcommanual.com/acx-fds/exhibitor-listing/ifast-global-bank/,https://divcommanual.com/acx-fds/wp-content/uploads/sites/6/2026/02/Logo-450-x-450-px.png,150,FALSE
Accountex,Ignition,840,Standard Show Guide Entry,Accountex London,United Kingdom (UK),https://www.ignitionapp.com/,https://www.linkedin.com/company/ignition-app/,https://twitter.com/ignitionapp,https://www.facebook.com/IgnitionApp/,"Accounting Software, Document Management, MTD, Payment Process Services, Practice & Project Management","Bookkeeping, Practice Management, Tax & MTD, Document Management, Banking & Payments","Document Management, Practice Management, Banking & Payments, Bookkeeping, Tax & MTD","Accountants in Practice, Accountants in Industry/Business, Bookkeepers","Trusted by 8,500+ businesses, Ignition is an all-in-one platform that helps firms automate proposals, agreements, billing and payments to improve cash flow and reduce admin.",https://divcommanual.com/acx-fds/exhibitor-listing/ignition/,https://divcommanual.com/acx-fds/wp-content/uploads/sites/6/2026/02/Ignition-LOGO.png,330,FALSE
Accountex,Inflo,1464,Standard Show Guide Entry,Accountex London,United Kingdom (UK),https://www.inflo.com/,https://www.linkedin.com/company/inflo-limited/,,,"Accounting Software, AI & Automation, Analytics & Reporting, Audit, IT Solutions","Bookkeeping, AI & Automation, Data & Analytics","Data & Analytics, AI & Automation, Bookkeeping",Accountants in Practice,"Inflo is the award-winning digital audit platform designed to transform the way firms deliver audits, Inflo provides an end-to-end suite of solutions covering every stage of the audit process, from client collaboration and data ingestion to advanced analytics, workpapers, and quality management.",https://divcommanual.com/acx-fds/exhibitor-listing/inflo/,https://divcommanual.com/acx-fds/wp-content/uploads/sites/6/2026/02/Inflo-450-x-450-px.png,210,FALSE
Accountex,Inform Direct by Bright,1160,Standard Show Guide Entry,Accountex London,United Kingdom (UK),https://brightsg.com/brightcosec-company-secretarial-software/,https://www.linkedin.com/company/brightsg,https://x.com/BrightUKIre,https://www.facebook.com/brightsoftwaregroup1,"Accounting Software, AML - Anti Money Laundering, Practice & Project Management","Bookkeeping, Practice Management, AML/KYC","Practice Management, Bookkeeping, AML/KYC","Accountants in Practice, Accountants in Industry/Business, Bookkeepers","Inform Direct by Bright is a cloud-based company secretarial platform that streamlines compliance, company records and Companies House filings. Smart automation and an intuitive interface reduce admin and keep statutory data accurate. Its integrated ECCTA ID verification workflow enables Authorised Corporate Service Providers to manage director and PSC checks and stay compliant.",https://divcommanual.com/acx-fds/exhibitor-listing/inform-direct-by-bright/,https://divcommanual.com/acx-fds/wp-content/uploads/sites/6/2026/02/1-1.png,300,FALSE
Accountex,Informanagement UK,1460,Standard Show Guide Entry,Accountex London,United Kingdom (UK),https://www.informanagement.co.uk/,https://www.linkedin.com/company/103477687/admin/,https://x.com/Informanagement,,"AI & Automation, Document Management, Legal & Solicitor Services, Magazines & Publishing, Sales & Marketing","AI & Automation, Document Management, Marketing & Growth","Document Management, Marketing & Growth, AI & Automation","Accountants in Practice, Bookkeepers","Envision a fully automated workflow that integrates with your CRM and delivers targeted content across social media, newsletters, and newsfeeds. Deliver personalised, relevant information to every client efficiently and consistently. Our intuitive AI tools help you refine professionally written content and confidently set up client profiles quickly and accurately.",https://divcommanual.com/acx-fds/exhibitor-listing/informanagement-uk/,https://divcommanual.com/acx-fds/wp-content/uploads/sites/6/2026/02/informanagement-logo.png,7,FALSE
Accountex,Initor Global UK,1644,Standard Show Guide Entry,Accountex London,India,https://initor-global.co.uk/,https://www.linkedin.com/company/initorglobaluk,https://twitter.com/initorglobaluk,https://www.facebook.com/Initor-Global-UK-102715631460938,"Accounts Payable / Accounts Receivable, MTD, Outsourcing / Offshoring, Payroll, VAT","Bookkeeping, Tax & MTD, Payroll, Outsourcing","Bookkeeping, Outsourcing, Tax & MTD, Payroll","Accountants in Practice, Accountants in Industry/Business, Bookkeepers","Initor Global UK provides premium outsourced accounting services to UK accountants and businesses from Ahmedabad in India. Our expert team will help reduce costs, improve systems and deliver better outcomes for clients. We are expert in all commercial accounting software. Our services are completely flexible and scaled to meet your growth plans. We are GDPR compliant and ISO 27001 accredited.",https://divcommanual.com/acx-fds/exhibitor-listing/initor-global-uk/,https://divcommanual.com/acx-fds/wp-content/uploads/sites/6/2026/01/Initor-Global_New-Logo_Main-Logo-updated.png,120,FALSE
Accountex,Instant CPD Limited,1131,Standard Show Guide Entry,Accountex London,United Kingdom (UK),https://instantcpd.com,,,,Recruitment & Training,HR & People,HR & Leadership,"Accountants in Practice, Accountants in Industry/Business","Instant CPD is an established online training provider delivering flexible, cost-effective CPD tailored to busy accountant. Leveraging digital platforms and HD video streaming, it offers high-quality, comprehensive courses led by renowned experts at competitive prices. Filmed courses include downloadable notes and slides, instant multi-device access, and accredited certificates.",https://divcommanual.com/acx-fds/exhibitor-listing/instant-cpd-limited/,https://divcommanual.com/acx-fds/wp-content/uploads/sites/6/2026/01/InstantCPD-Clear-LOGO-Extra-SMALL-PNG-.png,1,FALSE
Accountex,Institute of Accountants and Bookkeepers,275,Standard Show Guide Entry,Accountex London,United Kingdom (UK),https://www.iab.org.uk,https://www.linkedin.com/company/institute-of-accountants-and-bookkeepers/?viewAsMember=true,https://x.com/IAB_social,https://www.facebook.com/IABsocial,"AML - Anti Money Laundering, Association / Professional Body, Education & Qualifications","AML/KYC, HR & People","HR & Leadership, AML/KYC","Accountants in Practice, Accountants in Industry/Business, Bookkeepers","The Institute of Accountants and Bookkeepers (IAB) is a leading professional body for bookkeepers and small business accountants. We provide recognised qualifications, regulatory AML supervision, and ongoing professional support. Committed to high standards, ethical practice, and practical skills, we warmly invite you to visit us at Accountex to explore opportunities for growth and career success",https://divcommanual.com/acx-fds/exhibitor-listing/institute-of-accountants-and-bookkeepers/,https://divcommanual.com/acx-fds/wp-content/uploads/sites/6/2026/02/tom-iab-logo-copy.png,28,FALSE
Accountex,Institute of Financial Accountants,484,Standard Show Guide Entry,Accountex London,United Kingdom (UK),https://www.ifa.org.uk,https://www.linkedin.com/groups/6927518/,,https://www.facebook.com/instituteoffinancialaccountants,"AML - Anti Money Laundering, Association / Professional Body, Education & Qualifications, Tax","Tax & MTD, AML/KYC, HR & People","HR & Leadership, Tax & MTD, AML/KYC","Accountants in Practice, Accountants in Industry/Business, Bookkeepers","The Institute of Financial Accountants (IFA) is a globally recognised body supporting SMEs and SMPs. Our members provide expert financial and tax advice to smaller businesses, helping them thrive. With tailored tools, guidance, and ethical standards, we empower accountants to deliver excellence while supporting the vital role SMEs play in creating jobs, wealth, and thriving communities worldwide.",https://divcommanual.com/acx-fds/exhibitor-listing/institute-of-financial-accountants/,https://divcommanual.com/acx-fds/wp-content/uploads/sites/6/2026/01/IFA_Symbol_Master_HR_450.jpg,81,FALSE
Accountex,Intuit QuickBooks,1580,Standard Show Guide Entry,Accountex London,United Kingdom (UK),https://quickbooks.intuit.com/uk/,https://www.linkedin.com/company/intuit-accountants,,https://www.facebook.com/IntuitAccountantsUK,"Accounting Software, Accounts Payable / Accounts Receivable, AI & Automation, Analytics & Reporting, MTD","Bookkeeping, AI & Automation, Tax & MTD, Data & Analytics","Data & Analytics, AI & Automation, Bookkeeping, Tax & MTD","Accountants in Practice, Accountants in Industry/Business, Bookkeepers","Intuit is the global financial technology platform that powers prosperity for businesses, alongside their accountant or bookkeeper. Our re-imagined connected business platform uses AI to simplify workflows, improve accuracy, and deliver enhanced automation, making it easier to get critical jobs done in one place.",https://divcommanual.com/acx-fds/exhibitor-listing/intuit-quickbooks/,https://divcommanual.com/acx-fds/wp-content/uploads/sites/6/2026/02/QBLogo-50-50-color-319x319-2.png,19000,FALSE
Accountex,iplicit Accounting Software,1520,Standard Show Guide Entry,Accountex London,United Kingdom (UK),https://iplicit.com/,https://www.linkedin.com/company/iplicit/,,,"Accounting Software, AI & Automation, Charity / Not for Profit, Data Entry / OCR (Optical Character Recognition)","Bookkeeping, AI & Automation, Doc Automation","AI & Automation, Data & Analytics, Bookkeeping","Accountants in Practice, Accountants in Industry/Business","iplicit's powerful cloud accounting software puts real-time information into the hands of mid-market finance teams and accountants. Its automations save many hours on everyday tasks and complex accounting, while inbuilt integrations and a public API connect finance with other systems. With 50,000+ users, iplicit has featured in the FT1000 & the Deloitte UK Technology Fast 50.",https://divcommanual.com/acx-fds/exhibitor-listing/iplicit-accounting-software/,https://divcommanual.com/acx-fds/wp-content/uploads/sites/6/2026/03/iplicit_raspberry_secondary_logo-small.png,180,FALSE
Accountex,IRIS,1184,Standard Show Guide Entry,Accountex London,United Kingdom (UK),https://www.iris.co.uk/accountancy/,https://www.linkedin.com/company/irisaccountancy/,https://x.com/IRISSoftwareGrp,https://www.facebook.com/IRISSoftwareGroup,"Accounting Software, AI & Automation, Cyber Security, MTD, Payroll","Bookkeeping, AI & Automation, Tax & MTD, Payroll, Cyber Security","AI & Automation, Cyber Security, Bookkeeping, Tax & MTD, Payroll","Accountants in Practice, Accountants in Industry/Business, Bookkeepers","As the 'Official Supporter of Accountants and Bookkeepers', IRIS provides comprehensive, integrated accountancy software solutions in the UK for firms of all sizes, supporting over 24,000 practices. It offers cloud-based platforms and desktop solutions or accounts production, tax compliance, practice management, and document handling, aimed at increasing productivity and automating workflows.",https://divcommanual.com/acx-fds/exhibitor-listing/iris/,https://divcommanual.com/acx-fds/wp-content/uploads/sites/6/2026/04/IRISLogo_RGB_on_white_resized.png,2600,FALSE
Accountex,JLN US Global Limited BEYOND BORDERS,1402,Standard Show Guide Entry,Accountex London,United Kingdom (UK),https://www.jlnusglobal.com/,https://www.linkedin.com/company/109836023/admin/page-posts/published/,,,"Audit, Outsourcing / Offshoring, Payroll","Payroll, Outsourcing","Outsourcing, Payroll","Accountants in Practice, Accountants in Industry/Business, Bookkeepers","Founded on a professional legacy dating back to 1966, JLN US Global builds on decades of advisory excellence and strong ethical foundations. Led by a Chartered Accountant with over 20 years' international experience, the firm combines traditional values with modern, cross-border capabilities, delivering accounting, advisory, and strategic growth solutions to SMEs and global clients.",https://divcommanual.com/acx-fds/exhibitor-listing/jln-us-global-limited-beyond-borders/,https://divcommanual.com/acx-fds/wp-content/uploads/sites/6/2026/02/JLN-US-Global-logo-1.png,0,FALSE
Accountex,Just Audit & Assurance,1511,Standard Show Guide Entry,Accountex London,United Kingdom (UK),https://www.justaudits.co.uk,,,,"Audit, Charity / Not for Profit",Practice Management,Practice Management,Practice Management,"We provide audit and assurance services to all sizes of businesses but our focus is on charities, privately owned businesses large enough to require an audit and subsidiaries of International Groups. We do include grant audits and solicitors accounts rules audits. We do not audit quoted companies, financial service businesses or travel business (ATOL/ABTA))",https://divcommanual.com/acx-fds/exhibitor-listing/just-audit-assurance/,https://divcommanual.com/acx-fds/wp-content/uploads/sites/6/2026/02/JAA-actx1.jpg,0,FALSE
Accountex,Kaleidoscope,1561,Standard Show Guide Entry,Accountex London,United Kingdom (UK),https://www.kaleidoscope.com,https://www.linkedin.com/company/kaleidoscope-com,,,"Analytics & Reporting, Cash Flow Forecasting","Bookkeeping, Data & Analytics","Data & Analytics, Bookkeeping","Accountants in Practice, Accountants in Industry/Business, Other","Kaleidoscope is the modelling platform built for change, from the founder of Anaplan. Plan with living models that evolve with your business - so decisions stay accurate and reflect reality. No errors, rewiring, or slowdown. Just confidence. A connected foundation where changes flow effortlessly across models, reports, versions, and scenarios. Less maintenance, more strategy.",https://divcommanual.com/acx-fds/exhibitor-listing/kaleidoscope/,https://divcommanual.com/acx-fds/wp-content/uploads/sites/6/2026/03/Untitled-design.png,5,FALSE
Accountex,Kaplan,260,Standard Show Guide Entry,Accountex London,United Kingdom (UK),https://kaplan.co.uk/,https://uk.linkedin.com/company/kaplan_uk,,https://www.facebook.com/KaplanFinancialUK/?locale=en_GB,"Education & Qualifications, Recruitment & Training",HR & People,HR & Leadership,"Accountants in Practice, Accountants in Industry/Business, Bookkeepers","Our role is to deliver learning that transforms individuals, companies and cultures. Whether you are exploring for yourself or your organisation, Kaplan can support your journey to success. For over 80 years we've been training students to be the very best they can be. We teach over 10,000 apprentices, guiding them through Accountancy, Tax, Banking, Financial Services, Data, and Technology.",https://divcommanual.com/acx-fds/exhibitor-listing/kaplan/,https://divcommanual.com/acx-fds/wp-content/uploads/sites/6/2026/02/Kaplan_Logo_purple_rgb-1.png,730,FALSE
Accountex,Karbon,930,Standard Show Guide Entry,Accountex London,United Kingdom (UK),https://karbonhq.com/,https://linkedin.com/company/karbonhq,,,"Accounting Software, AI & Automation, CRM, Document Management, IT Solutions","Practice Management, Tax & MTD,  AI & Automation, Document Management, CRM & Comms","Document Management, AI & Automation, Bookkeeping, Marketing & Growth","Accountants in Practice, Accountants in Industry/Business, Bookkeepers","Practice Management for Leading Accounting Firms. Boost productivity, strengthen client relationships, and drive profit with the #1-ranked accounting practice management software.",https://divcommanual.com/acx-fds/exhibitor-listing/karbon/,https://divcommanual.com/acx-fds/wp-content/uploads/sites/6/2026/04/Karbon_Logo_Black_450.png,390,FALSE
Accountex,KHI Partners UK Limited,474,Standard Show Guide Entry,Accountex London,United Kingdom (UK),https://www.khipartners.com,,,,"Accounts Payable / Accounts Receivable, Audit, Corporate Finance / Mergers & Acquisitions, MTD, Payroll","Bookkeeping, Tax & MTD, Payroll, Banking & Payments","Banking & Payments, Bookkeeping, Tax & MTD, Payroll","Accountants in Practice, Accountants in Industry/Business, Bookkeepers","KHI Partners - UK is part of KHI Partners Australia, a fast growing multi-disciplinary and international company, aimed at mainly owner managed businesses (of all sizes) helping them to stay on top of their finances, achieve compliance with ease, grow to their full potential and optimise their tax position. At KHI Partners - We have been established over 20 years.",https://divcommanual.com/acx-fds/exhibitor-listing/khi-partners-uk-limited/,https://divcommanual.com/acx-fds/wp-content/uploads/sites/6/2026/04/logo-300.png,0,FALSE
Accountex,Landlord Studio - Free MTD Software for Landlords,1724,Standard Show Guide Entry,Accountex London,United Kingdom (UK),https://www.landlordstudio.com/uk,https://www.linkedin.com/company/landlordstudio/,https://x.com/landlordstudio,https://www.facebook.com/LandlordStudio/,"Accounting Software, AI & Automation, Analytics & Reporting, Expense Management, MTD","Bookkeeping, AI & Automation, Tax & MTD, Data & Analytics, Expenses","Data & Analytics, AI & Automation, Bookkeeping, Tax & MTD, Other","Accountants in Practice, Bookkeepers","Landlord Studio is a cloud-based property management and accounting platform built for landlords. Founded in 2014 and trusted by thousands of landlords worldwide, it helps track rental income and expenses by property, automate bookkeeping, manage tenants, and stay compliant with Making Tax Digital - with powerful reporting and accountant-friendly tools that keep landlords organised and MTD ready.",https://divcommanual.com/acx-fds/exhibitor-listing/landlord-studio-free-mtd-software-for-landlords/,https://divcommanual.com/acx-fds/wp-content/uploads/sites/6/2026/02/Untitled-design.png,16,FALSE
Accountex,LBK Insolvency Solutions Limited,574,Standard Show Guide Entry,Accountex London,United Kingdom (UK),https://www.lbkis.co.uk,https://www.linkedin.com/company/lbkinsolvencysolutions,,https://www.facebook.com/lbkinsolvencysolutions,"Insolvency, Restructuring & Business Recovery",Banking & Payments,Banking & Payments,"Accountants in Practice, Accountants in Industry/Business, Bookkeepers","LBK Insolvency Solutions Limited (""LBK"") is a licensed insolvency practice operating throughout the UK. Our management team is experienced in assisting businesses in financial distress and administering the various processes set out within the Insolvency Legislation.",https://divcommanual.com/acx-fds/exhibitor-listing/lbk-insolvency-solutions-limited/,https://divcommanual.com/acx-fds/wp-content/uploads/sites/6/2026/01/MediumSquareLogo.jpg,7,FALSE
Accountex,Lightyear,950,Standard Show Guide Entry,Accountex London,United Kingdom (UK),https://www.lightyear.cloud/,https://www.linkedin.com/company/lightyearcloud,https://x.com/lightyearcloud,https://www.facebook.com/lightyearCloud,"Accounts Payable / Accounts Receivable, AI & Automation, Data Entry / OCR (Optical Character Recognition), Expense Management","Bookkeeping, AI & Automation, Doc Automation, Expenses","AI & Automation, Data & Analytics, Bookkeeping, Other","Accountants in Practice, Accountants in Industry/Business, Bookkeepers","Lightyear is an award-winning AP automation platform built for growing businesses. Our intelligent approval workflows for Purchase Orders, Bills, and Expenses cut processing time by 80%, reduce costs, eliminate human error, and give finance teams the speed and control they need to scale.",https://divcommanual.com/acx-fds/exhibitor-listing/lightyear/,https://divcommanual.com/acx-fds/wp-content/uploads/sites/6/2026/03/Lightyear-Logo-Accountex-Exhibitor-Profile.png,54,FALSE
Accountex,LimeBooks,1181,Standard Show Guide Entry,Accountex London,United Kingdom (UK),https://lime-books.co.uk/,,,,"Accounting Software, Data Entry / OCR (Optical Character Recognition), IT Solutions, MTD, VAT","Bookkeeping, Tax & MTD, Doc Automation","Data & Analytics, Bookkeeping, Tax & MTD",Accountants in Practice,Online Accounting Software Monthly packages from just GBP2.99 plus VAT The quickest and easiest way to: 1. Prepare and submit MTD ITSA quarterly updates directly to HMRC 2. Prepare and submit VAT Returns directly to HMRC 3. Prepare annual accounts,https://divcommanual.com/acx-fds/exhibitor-listing/limebooks/,https://divcommanual.com/acx-fds/wp-content/uploads/sites/6/2026/03/Limebooks-Logo-Crop-450-square.png,0,FALSE
Accountex,Lockton,264,Standard Show Guide Entry,Accountex London,United Kingdom (UK),https://global.lockton.com/gb/en,https://www.linkedin.com/company/lockton-companies/,,,Insurance,Banking & Payments,Banking & Payments,,"What makes Lockton stand apart is also what makes us better: independence. Lockton's private ownership empowers its 13,100+ Associates doing business in more than 155+ countries to focus solely on clients' risk and insurance needs. With expertise that reaches around the globe, Lockton delivers the deep understanding needed to accomplish remarkable results.",https://divcommanual.com/acx-fds/exhibitor-listing/lockton/,https://divcommanual.com/acx-fds/wp-content/uploads/sites/6/2026/01/Logo-Accountex.png,14000,FALSE
Accountex,London School of Business & Finance,355,Standard Show Guide Entry,Accountex London,United Kingdom (UK),https://www.lsbf.org.uk/,https://www.linkedin.com/school/337828/admin/page-posts/published/,https://x.com/lsbfeducation,https://www.facebook.com/lsbfeducation,Education & Qualifications,HR & People,HR & Leadership,"Accountants in Practice, Accountants in Industry/Business, Other","London School of Business and Finance (LSBF), a part of the Global University Systems (GUS) network, excels in business, finance, and professional education through our three specialised schools: Business School for degrees, Executive Education for leadership upskilling, and Professional Qualifications (PQ)-proudly delivering ACCA- aligned programmes as an ACCA Approved Learning Partner.",https://divcommanual.com/acx-fds/exhibitor-listing/london-school-of-business-finance/,https://divcommanual.com/acx-fds/wp-content/uploads/sites/6/2026/03/logo-black-450x450-1.png,1000,FALSE
Accountex,Maple Hill Outsourcing Services,1302,Standard Show Guide Entry,Accountex London,United Kingdom (UK),https://www.maplehillservices.com,,,,"Consulting & Business Services, Outsourcing / Offshoring, Recruitment & Training, Tax, VAT","Tax & MTD, HR & People, Outsourcing","HR & Leadership, Outsourcing, Tax & MTD","Accountants in Practice, Accountants in Industry/Business, Bookkeepers","We are a team of experienced and professional accountants who specialize in providing high-quality outsourcing services to businesses of all sizes and industries. By outsourcing accounting tasks, businesses can access the latest technology and software used by accounting professionals to improve financial reporting and analysis. This can provide businesses with more accurate information.",https://divcommanual.com/acx-fds/exhibitor-listing/maple-hill-outsourcing-services/,https://divcommanual.com/acx-fds/wp-content/uploads/sites/6/2026/02/Untitled-Design-1.jpg,23,FALSE
Accountex,MEL,788,Standard Show Guide Entry,Accountex London,United Kingdom (UK),https://www.playbook-mel.com,,,,"AI & Automation, Consulting & Business Services, CRM, Practice & Project Management, Sales & Marketing","Practice Management, AI & Automation, CRM & Comms, Marketing & Growth","Practice Management, Marketing & Growth, AI & Automation","Accountants in Practice, Accountants in Industry/Business","Mel gives professionals the context, confidence, and timely prompts they need to drive business development, reducing overreliance on a handful of rainmakers by embedding AI-supported coaching directly into daily workflows. This reduces friction for sales-averse professionals, builds confidence, and supports consistent action without constant managerial oversight.",https://divcommanual.com/acx-fds/exhibitor-listing/mel/,https://divcommanual.com/acx-fds/wp-content/uploads/sites/6/2026/04/mel.black-logo-1.jpg,0,FALSE
Accountex,Mercia,1440,Standard Show Guide Entry,Accountex London,United Kingdom (UK),,https://www.linkedin.com/company/1414936,,,"AML - Anti Money Laundering, Audit, Education & Qualifications, Sales & Marketing","AML/KYC, HR & People, Marketing & Growth","Marketing & Growth, HR & Leadership, AML/KYC","Accountants in Practice, Accountants in Industry/Business","Mercia Group is one of the UK and Ireland's leading providers of training, compliance, and marketing support for accountancy firms. For over 40 years, it has supported more than 8,000 practices, from sole practitioners to large national firms, with CPD training, technical products, audit and compliance solutions, and marketing services, helping accountants stay informed, compliant.",https://divcommanual.com/acx-fds/exhibitor-listing/mercia/,https://divcommanual.com/acx-fds/wp-content/uploads/sites/6/2026/04/Dots-mercia.jpg,140,FALSE
Accountex,Mimo,1660,Standard Show Guide Entry,Accountex London,United Kingdom (UK),http://www.mimohq.com,https://www.linkedin.com/company/joinmimo/,,,"Accounting Software, Accounts Payable / Accounts Receivable",Bookkeeping,Bookkeeping,"Accountants in Practice, Accountants in Industry/Business","Mimo helps leading accounting firms fix delivery so they can scale profitably and deliver real client value. Through Mimo Associate, the work required to close the books is executed end to end, maintaining client context across periods and making month-end fast, accurate and consistent by default. Accountants stay in control, gaining capacity without extra headcount.",https://divcommanual.com/acx-fds/exhibitor-listing/mimo/,https://divcommanual.com/acx-fds/wp-content/uploads/sites/6/2026/01/Mimo_wordmark_02-2.png,56,FALSE
Accountex,Mindspace Outsourcing Limited,1414,Standard Show Guide Entry,Accountex London,United Kingdom (UK),https://mindspaceoutsourcing.co.uk/,https://www.linkedin.com/company/mindspace-outsourcing-services-uk/,https://x.com/ms_bookkeeping,https://www.facebook.com/MindspaceOutsourcing/,"Accounts Payable / Accounts Receivable, AI & Automation, Expense Management, Outsourcing / Offshoring, VAT","Bookkeeping, AI & Automation, Tax & MTD, Expenses, Outsourcing","AI & Automation, Bookkeeping, Outsourcing, Tax & MTD, Other","Accountants in Practice, Accountants in Industry/Business, Bookkeepers","Mindspace Accounting Outsourcing is an award-winning, AIA (UK) certified with 15 years of experience working with UK accounting firms and businesses. We're Certified Xero, QuickBooks, and QuickBooks Online ProAdvisors, offering bookkeeping, accounts production, VAT & tax returns, payroll, practice automation, and financial analysis. We are GDPR-compliant and ISO 9001 & ISO 27001 certified.",https://divcommanual.com/acx-fds/exhibitor-listing/mindspace-outsourcing-limited/,https://divcommanual.com/acx-fds/wp-content/uploads/sites/6/2026/03/Mindspace-Logo-1.png,11,FALSE
Accountex,Modulr Finance Limited,1081,Standard Show Guide Entry,Accountex London,United Kingdom (UK),https://www.modulrfinance.com,https://www.linkedin.com/company/modulr-finance/,,,"Banking Services / Open Banking / Payment / FX Budgeting, Payment Process Services, Payroll","Payroll, Banking & Payments","Banking & Payments, Payroll","Accountants in Practice, Accountants in Industry/Business, Bookkeepers","Modulr is the payments automation platform built to scale, trusted by more than 6,000 businesses to automate payment and reconciliation workflows. Through a single platform, Modulr automates how money moves into and out of a business. With over a decade of experience as a regulated payments provider, Modulr delivers the reliability needed to run mission-critical finance operations at scale.",https://divcommanual.com/acx-fds/exhibitor-listing/modulr-finance-limited/,https://divcommanual.com/acx-fds/wp-content/uploads/sites/6/2026/04/Frame-1.png,450,FALSE
Accountex,Moneypenny,1975,Standard Show Guide Entry,Accountex London,United Kingdom (UK),https://www.moneypenny.com/uk/,https://www.linkedin.com/company/moneypenny/,https://x.com/Moneypenny,https://www.facebook.com/HelloMoneypennyUK,Outsourcing / Offshoring,Outsourcing,Outsourcing,"Accountants in Practice, Accountants in Industry/Business","Empowering accountancy practices to grow through exceptional client conversations Hundreds of accountancy professionals rely on Moneypenny to be there for callers when they can't be. Through real people, AI, or the perfect blend of both, we look after callers and fulfil their needs - making you available 24/7, delivering outstanding client service and letting you focus on what you do best.",https://divcommanual.com/acx-fds/exhibitor-listing/moneypenny/,https://divcommanual.com/acx-fds/wp-content/uploads/sites/6/2026/03/450px-col.jpg,1300,FALSE
Accountex,Moss,1720,Standard Show Guide Entry,Accountex London,United Kingdom (UK),https://www.getmoss.com/,https://www.linkedin.com/company/moss-finance/,,,"Accounting Software, Accounts Payable / Accounts Receivable, AI & Automation, Expense Management","Bookkeeping, AI & Automation, Expenses","AI & Automation, Bookkeeping, Other","Accountants in Practice, Accountants in Industry/Business","Spend smarter. Thousands of businesses rely on Moss, the leading corporate card and spend management solution. Seamlessly integrating into your existing systems, Moss saves you time and money and gives you control.",https://divcommanual.com/acx-fds/exhibitor-listing/moss/,https://divcommanual.com/acx-fds/wp-content/uploads/sites/6/2026/02/Moss-logo-full-black-3-1.png,300,FALSE
Accountex,My Digital,1555,Standard Show Guide Entry,Accountex London,United Kingdom (UK),https://www.mydigital.software/,https://www.linkedin.com/company/my-digital-accounts/,,,"AI & Automation, Outsourcing / Offshoring, Payroll","AI & Automation, Payroll, Outsourcing","AI & Automation, Outsourcing, Payroll","Accountants in Practice, Accountants in Industry/Business, Other","My Digital delivers PAYE payroll software built for accountancy practices and payroll bureau. Our AI-powered platform reads and maps data from any payroll input file - eliminating manual entry and the inefficiencies that slow payroll teams down. Scale your client base without growing your team, backed by a UK-based payroll support team with a 1-minute first response time.",https://divcommanual.com/acx-fds/exhibitor-listing/my-digital/,https://divcommanual.com/acx-fds/wp-content/uploads/sites/6/2026/02/MYD-new-logo-2025-rounded-450px.png,0,FALSE
Accountex,MyWorkpapers by Bright,1160,Standard Show Guide Entry,Accountex London,United Kingdom (UK),https://brightsg.com/myworkpapers-audit-practice-software/,https://www.linkedin.com/company/brightsg,https://x.com/BrightUKIre,https://www.facebook.com/brightsoftwaregroup1,"Accounting Software, Audit, Tax","Bookkeeping, Tax & MTD","Bookkeeping, Tax & MTD","Accountants in Practice, Accountants in Industry/Business, Bookkeepers","MyWorkpapers by Bright is a cloud working-papers platform that standardises audit and accounts workflows, automates year-end and improves collaboration. MyWorkpapers Essential is built for smaller Excel-based practices, turning spreadsheets into structured, compliant cloud workpapers with a trial-balance-first approach, real-time dashboards and integration with the Bright ecosystem.",https://divcommanual.com/acx-fds/exhibitor-listing/myworkpapers-by-bright/,https://divcommanual.com/acx-fds/wp-content/uploads/sites/6/2026/02/3-1.png,300,FALSE
Accountex,NatWest,384,Standard Show Guide Entry,Accountex London,United Kingdom (UK),https://www.natwest.com/business.html,,,,"Banking Services / Open Banking / Payment / FX Budgeting, Charity / Not for Profit, Corporate Finance / Mergers & Acquisitions, Payment Process Services",Banking & Payments,Banking & Payments,,"NatWest helps businesses start, scale and succeed with expert banking and lending support. Tyl by NatWest powers fast, flexible payments - from card terminals and Tap to Pay to Pay by Link. Payit by NatWest uses open banking to enable seamless, secure account""'to""'account payments, improving cashflow and simplifying how businesses get paid.",https://divcommanual.com/acx-fds/exhibitor-listing/natwest/,https://divcommanual.com/acx-fds/wp-content/uploads/sites/6/2026/03/NW_Primary_Stacked_RGB_POS-450-01.png,7600,FALSE
Accountex,Nest Corporation,1540,Standard Show Guide Entry,Accountex London,United Kingdom (UK),https://www.nestpensions.org.uk/schemeweb/nest/advisers.html,https://www.linkedin.com/company/nestpensions,,,"Auto Enrolment & Pensions, Banking Services / Open Banking / Payment / FX Budgeting","Payroll, Banking & Payments","Banking & Payments, Payroll","Accountants in Practice, Accountants in Industry/Business, Bookkeepers","At Nest, we are dedicated to achieving a better retirement outcome for our members. Designed to reduce complexity and foster member engagement, we are proud of the quality of our governance and world class investment strategy that aims to take long-term care of members' money.",https://divcommanual.com/acx-fds/exhibitor-listing/nest-corporation/,https://divcommanual.com/acx-fds/wp-content/uploads/sites/6/2026/02/Untitled-design-5-2.png,490,FALSE
Accountex,nettTracker,1674,Standard Show Guide Entry,Accountex London,United Kingdom (UK),https://nett-tracker.com,https://www.linkedin.com/company/netttracker/,,https://www.facebook.com/nettTracker,"Accounting Software, AI & Automation","Bookkeeping, AI & Automation","AI & Automation, Bookkeeping","Accountants in Practice, Accountants in Industry/Business, Bookkeepers","nettTracker automates balance sheet adjustments for accountants and bookkeepers working in practice and industry - depreciation, prepayments, accruals, loans, and lease accounting - so you can close month-end in minutes, not hours.",https://divcommanual.com/acx-fds/exhibitor-listing/netttracker/,https://divcommanual.com/acx-fds/wp-content/uploads/sites/6/2026/01/PrimaryLogo400x150.png,1,FALSE
Accountex,Nomi,1010,Standard Show Guide Entry,Accountex London,United Kingdom (UK),https://www.nomi.co.uk/,https://www.linkedin.com/company/nomisuite/,https://x.com/NomiSuite,https://www.facebook.com/nomisuite,"Accounting Software, AML - Anti Money Laundering, MTD, Payroll, VAT","Bookkeeping, Tax & MTD, Payroll, AML/KYC","Bookkeeping, Tax & MTD, AML/KYC, Payroll","Accountants in Practice, Accountants in Industry/Business, Bookkeepers","All-in-one cloud accounting software designed for UK accounting practices. Nomi's cloud-based suite consists of bookkeeping, VAT, payroll, final accounts, corporation tax, self-assessment, partnership tax, practice management, company secretarial and CRM. What makes us unique is that Nomi is a single software, designed for accounting and bookkeeping practices.",https://divcommanual.com/acx-fds/exhibitor-listing/nomi/,https://divcommanual.com/acx-fds/wp-content/uploads/sites/6/2026/02/nomi-logo1.png,73,FALSE
Accountex,now:pensions,814,Standard Show Guide Entry,Accountex London,United Kingdom (UK),https://www.nowpensions.com,,,,"Auto Enrolment & Pensions, Employee Benefits / Incentives / Salary Sacrifice, Payroll","Payroll, HR & People","HR & Leadership, Payroll","Accountants in Practice, Accountants in Industry/Business, Bookkeepers","Join us to see how now:pensions' award-winning now:u platform streamlines pension management while empowering your clients' employees to secure the retirement they deserve. With seamless payroll integration, secure access, and expert support, we make pensions simple and effective. Don't miss this opportunity to deliver real value to your clients and their workforce. See you there!",https://divcommanual.com/acx-fds/exhibitor-listing/nowpensions/,https://divcommanual.com/acx-fds/wp-content/uploads/sites/6/2026/02/JJ1-Now_Pensions_Master_Stacked_Logo_Now_Black.png,130,FALSE
Accountex,Numiva,1615,Standard Show Guide Entry,Accountex London,United Kingdom (UK),https://numiva.ai/,https://linkedin.com/company/numiva-ai/,,,"Accounting Software, AI & Automation, Analytics & Reporting, Data Entry / OCR (Optical Character Recognition), IT Solutions","Bookkeeping, AI & Automation, Doc Automation, Data & Analytics","Data & Analytics, AI & Automation, Bookkeeping","Accountants in Practice, Accountants in Industry/Business, Bookkeepers","Numiva is an AI-powered accounting platform for modern practices. Our Autopilot agents scan, categorise and reconcile transactions in real time, reducing workload and accelerating month-end close. With intelligent extraction, continuous monitoring and actionable insights, Numiva enables accountants to focus on higher-value work while ensuring accuracy, efficiency and control over financial data.",https://divcommanual.com/acx-fds/exhibitor-listing/numiva/,https://divcommanual.com/acx-fds/wp-content/uploads/sites/6/2026/03/Numiva-Logo-Accountex.jpg,1,FALSE
Accountex,Nxsys,635,Standard Show Guide Entry,Accountex London,United Kingdom (UK),https://www.nxsys.tech/,https://www.linkedin.com/company/nxsystech,https://x.com/Nxsystech,https://www.facebook.com/people/Nxsys/61584822058126/,"AI & Automation, Auto Enrolment & Pensions, Expense Management, Payment Process Services, Payroll","AI & Automation, Payroll, Expenses, Banking & Payments","Banking & Payments, AI & Automation, Other, Payroll","Accountants in Practice, Accountants in Industry/Business, Bookkeepers","Nxsys is redefining payroll technology across the UK and Ireland. Our SaaS payroll platform powers Umbrella, CIS, PSC, PEO, RCT and PAYE providers, replacing manual, fragmented processes with automation, AI-driven workflows and real-time insight.",https://divcommanual.com/acx-fds/exhibitor-listing/nxsys/,https://divcommanual.com/acx-fds/wp-content/uploads/sites/6/2026/04/Logo-Full.png,7,FALSE
Accountex,Occasio,1090,Standard Show Guide Entry,Accountex London,United Kingdom (UK),https://occasiofx.com/,https://www.linkedin.com/company/occasiomanagedservices/posts/?feedView=all,,,"Consulting & Business Services, Foreign Exchange and Multi-Currency Services, Outsourcing / Offshoring, Payment Process Services, Sales & Marketing","Banking & Payments, Outsourcing, Marketing & Growth","Banking & Payments, Marketing & Growth, Outsourcing",Accountants in Practice,Occasio Managed Services focuses on empowering accountancy firms to enhance client relationships and uncover new revenue opportunities. Our expertise lies in providing managed service solutions that allow firms to seamlessly integrate branded currency and business payment support into their offering.,https://divcommanual.com/acx-fds/exhibitor-listing/occasio/,https://divcommanual.com/acx-fds/wp-content/uploads/sites/6/2026/02/Occasio2026logo-450x99-1.png,0,FALSE
Accountex,Odoo,1250,Standard Show Guide Entry,Accountex London,Belgium,https://www.odoo.com/,https://www.linkedin.com/company/odoo/posts/?feedView=all,,https://www.facebook.com/odoo/,"Accounting Software, AI & Automation, Analytics & Reporting, IT Solutions, Payroll","Bookkeeping, AI & Automation, Payroll, Data & Analytics","Data & Analytics, AI & Automation, Bookkeeping, Payroll","Accountants in Practice, Accountants in Industry/Business, Bookkeepers","Odoo is an all-in-one business management platform offering applications for Accounting, CRM, Sales, Inventory, Manufacturing, and HR. Flexible and modular, Odoo helps companies of all sizes streamline operations, improve efficiency, and scale effectively, empowering millions of users worldwide to grow their business sustainably.",https://divcommanual.com/acx-fds/exhibitor-listing/odoo/,https://divcommanual.com/acx-fds/wp-content/uploads/sites/6/2026/03/logo-450-x-196-px-1.png,6500,FALSE
Accountex,OnboardMe,501F,Standard Show Guide Entry,Accountex London,Australia,https://www.onboardme.app/,https://www.linkedin.com/company/onboardmeapp,,https://www.facebook.com/onboardmeapp,"Accounting Software, AML - Anti Money Laundering, CRM, Payment Process Services, Practice & Project Management","Bookkeeping, Practice Management, CRM & Comms, AML/KYC, Banking & Payments","Practice Management, Banking & Payments, Bookkeeping, Marketing & Growth, AML/KYC","Accountants in Practice, Accountants in Industry/Business, Bookkeepers","OnboardMe modernises client onboarding for professional services firms by bringing proposals, payments, onboarding, and compliance together in one platform.",https://divcommanual.com/acx-fds/exhibitor-listing/onboardme/,https://divcommanual.com/acx-fds/wp-content/uploads/sites/6/2026/02/Logo-1.png,2,FALSE
Accountex,Osome,1725,Standard Show Guide Entry,Accountex London,United Kingdom (UK),https://www.osome.com,https://www.linkedin.com/company/weareosome/,,https://www.facebook.com/ReallyOsome,"Accounting Software, AI & Automation, Analytics & Reporting, Audit, Tax","Bookkeeping, AI & Automation, Tax & MTD, Data & Analytics","Data & Analytics, AI & Automation, Bookkeeping, Tax & MTD","Accountants in Practice, Accountants in Industry/Business, Bookkeepers, Other","Osome is the AI-enabled business management platform for global firms. We automate bookkeeping and incorporation across the UK, Singapore, Hong Kong, and UAE. Combining AI speed with human expertise, we help you master cross-border compliance and shift your focus from manual data entry to high-value advisory.",https://divcommanual.com/acx-fds/exhibitor-listing/osome/,https://divcommanual.com/acx-fds/wp-content/uploads/sites/6/2026/02/osome_logo_blue-2.png,450,FALSE
Accountex,Outbooks,1010,Standard Show Guide Entry,Accountex London,United Kingdom (UK),https://outbooks.co.uk/,https://www.linkedin.com/company/outbooks/,https://x.com/outbooksUK,https://www.facebook.com/share/17kGj1CeZF/?mibextid=LQQJ4d,"Accounts Payable / Accounts Receivable, Audit, Cash Flow Forecasting, Outsourcing / Offshoring, VAT","Bookkeeping, Tax & MTD, Outsourcing","Bookkeeping, Outsourcing, Tax & MTD","Accountants in Practice, Accountants in Industry/Business, Bookkeepers","Outbooks is a specialist outsourcing provider dedicated to accounting, bookkeeping and tax preparation services for businesses and accountancy practices. We proudly support over 200 practices and more than 30,000 end clients globally, building strong, strategic partnerships that help our clients overcome challenges and drive business growth.",https://divcommanual.com/acx-fds/exhibitor-listing/outbooks/,https://divcommanual.com/acx-fds/wp-content/uploads/sites/6/2026/01/outbooks-logo-black-.png,500,FALSE
Accountex,Outmin,1935,Standard Show Guide Entry,Accountex London,Ireland,https://www.outmin.io/,http://linkedin.com/company/outmin,,https://www.facebook.com/tryoutmin,"Accounting Software, Accounts Payable / Accounts Receivable, AI & Automation, Analytics & Reporting, Data Entry / OCR (Optical Character Recognition)","Bookkeeping, AI & Automation, Doc Automation, Data & Analytics","Data & Analytics, AI & Automation, Bookkeeping","Accountants in Practice, Accountants in Industry/Business","Outmin is an autonomous bookkeeping system for accounting practices and their clients. Our AI engine, Rex(TM), replaces manual bookkeeping labour entirely, delivering reconciled books without human intervention. Practices scale capacity 50-100% without hiring, while clients get invisible bookkeeping. Built in Dublin, serving UK and Ireland.",https://divcommanual.com/acx-fds/exhibitor-listing/outmin/,https://divcommanual.com/acx-fds/wp-content/uploads/sites/6/2026/01/Outmin-Logo-1-1-1.jpg,56,FALSE
Accountex,Pacific Global Solutions,1344,Standard Show Guide Entry,Accountex London,United Kingdom (UK),https://www.pacificglobalsolutions.co.uk/,https://www.linkedin.com/company/pacific-global-solutions-uk/,https://x.com/PGSLUK,https://www.facebook.com/people/Pacific-Global-Solutions-UK/61563832311157/,"Accounts Payable / Accounts Receivable, Audit, Cash Flow Forecasting, Outsourcing / Offshoring, Payroll","Bookkeeping, Payroll, Outsourcing","Bookkeeping, Outsourcing, Payroll","Accountants in Practice, Accountants in Industry/Business, Bookkeepers","Pacific Global Solutions simplifies work with automation and smart technology. We streamline finance, HR, marketing, and IT, reducing inefficiencies so businesses can focus on growth and innovation. By blending technology and expert support, we cut costs, boost efficiency, and handle the heavy lifting-helping companies work smarter and scale faster.",https://divcommanual.com/acx-fds/exhibitor-listing/pacific-global-solutions/,https://divcommanual.com/acx-fds/wp-content/uploads/sites/6/2026/02/pgs-logo_3.png,24,FALSE
Accountex,Papertrail,1071,Standard Show Guide Entry,Accountex London,United Kingdom (UK),https://papertrail.ai,https://www.linkedin.com/company/papertrailai,https://x.com/papertrailai,,"AI & Automation, Data Entry / OCR (Optical Character Recognition), Document Management, Expense Management, VAT","AI & Automation, Tax & MTD, Document Management, Doc Automation, Expenses","Document Management, AI & Automation, Data & Analytics, Tax & MTD, Other","Accountants in Practice, Bookkeepers, Other","No more chasing clients! Papertrail automatically collects and organises invoices, receipts and admin documents making bookkeeping and accounting effortless. As it learns about the business, it becomes an incredible assistant that can manage emails, send and pay invoices, give valuable insights, track assets and work proactively on your behalf. Come see us to find out more!",https://divcommanual.com/acx-fds/exhibitor-listing/papertrail/,https://divcommanual.com/acx-fds/wp-content/uploads/sites/6/2026/04/papertrail-450.png,34,FALSE
Accountex,Payroll Sorted Ltd,730,Standard Show Guide Entry,Accountex London,United Kingdom (UK),https://www.payrollsorted.com/,,,,Payroll,Payroll,Payroll,"Accountants in Practice, Accountants in Industry/Business","Payroll Sorted is an outsourced payroll partner built for accountancy firms. We become your payroll department, handling processing, compliance, and client communication so you don't have to. Whether you have 10 payrolls or 500, we help firms scale payroll services without hiring, training, or managing payroll staff.",https://divcommanual.com/acx-fds/exhibitor-listing/payroll-sorted-ltd/,https://divcommanual.com/acx-fds/wp-content/uploads/sites/6/2026/04/PS-Banner.png,13,FALSE
Accountex,Penfold,835,Standard Show Guide Entry,Accountex London,United Kingdom (UK),https://getpenfold.com/,https://uk.linkedin.com/company/penfold,,,"AI & Automation, Auto Enrolment & Pensions, Employee Benefits / Incentives / Salary Sacrifice, HR, Payroll","AI & Automation, Payroll, HR & People","AI & Automation, HR & Leadership, Payroll","Accountants in Practice, Accountants in Industry/Business, Bookkeepers","Old-fashioned providers make for messier payroll. And simpler payroll starts with a better pension. Discover Penfold, the pension that's easier for you - and better for your clients. Penfold was named in The Telegraph's UK's Best Pension Provider 2025 list, holds a 5-star Defaqto rating, and has an 'Excellent' rating (4.7 stars) on Trustpilot for its outstanding customer experience.",https://divcommanual.com/acx-fds/exhibitor-listing/penfold/,https://divcommanual.com/acx-fds/wp-content/uploads/sites/6/2026/02/Penfold-Icon-PNG.png,110,FALSE
Accountex,People's Pension,1214,Standard Show Guide Entry,Accountex London,United Kingdom (UK),https://thepeoplespension.co.uk/,https://www.linkedin.com/company/peoplespartnership/,,https://www.facebook.com/thepeoplespension/,Auto Enrolment & Pensions,Payroll,Payroll,Other,"People's Pension is the UK's largest commercial master trust, serving over seven million pension savers and managing GBP39 billion in assets. Run by People's Partnership, a business with no shareholders, focused on value for savers and reinvesting profits to benefit their members. People's Pension believes in making positive changes to the pensions industry and society that benefit real people.",https://divcommanual.com/acx-fds/exhibitor-listing/peoples-pension/,https://divcommanual.com/acx-fds/wp-content/uploads/sites/6/2026/03/pensions-logo-450.png,0,FALSE
Accountex,Pinnacle Global Group,485,Standard Show Guide Entry,Accountex London,United Kingdom (UK),https://www.pinnacleglobalgroup.com/,http://linkedin.com/company/pinnacle-global-group/,,,"Accounts Payable / Accounts Receivable, Audit, Outsourcing / Offshoring, Payroll, Tax","Bookkeeping, Tax & MTD, Payroll, Outsourcing","Bookkeeping, Outsourcing, Tax & MTD, Payroll","Accountants in Practice, Accountants in Industry/Business, Bookkeepers","Trusted Offshoring/Outsourcing Partner: Supporting 150+ firms across the UK and Ireland. 300+ experts and offices in London and Mumbai. Providing Compliance & Value-Added Resourcing GDPR compliant, ISO certified, CIMA, ICB and ACCA approved employers led by members of ICAEW, CA Ireland, CA India, and IFA.",https://divcommanual.com/acx-fds/exhibitor-listing/pinnacle-global-group/,https://divcommanual.com/acx-fds/wp-content/uploads/sites/6/2026/04/Pinnacle-Logo-1.png,300,FALSE
Accountex,Platformed,1455,Standard Show Guide Entry,Accountex London,United Kingdom (UK),https://platformed.com/,https://www.linkedin.com/company/platformed-ltd/,,,"AI & Automation, Audit, Document Management, IT Solutions","AI & Automation, Document Management","Document Management, AI & Automation","Accountants in Practice, Accountants in Industry/Business","Platformed is the planning layer for modern audit firms, embedding AI agents into your workflows to strengthen financial and ITGC assurance. Platformed cuts assessment times by 80-90% and spans the full planning phase, transforming how auditors assess the risk of material misstatement. The result is higher quality, stronger compliance, and thousands of hours saved across audits.",https://divcommanual.com/acx-fds/exhibitor-listing/platformed/,https://divcommanual.com/acx-fds/wp-content/uploads/sites/6/2026/02/without-text.png,22,FALSE
Accountex,Pleo,350,Standard Show Guide Entry,Accountex London,United Kingdom (UK),https://pleo.io,https://www.linkedin.com/company/pleo-company/,https://x.com/pleo,https://www.facebook.com/pleo.io/,Expense Management,Expenses,Other,"Accountants in Practice, Accountants in Industry/Business, Bookkeepers","Pleo is the spend management platform modern finance teams actually enjoy using. It replaces expense chaos with real-time visibility, smart cards, and automated workflows that scale with your business. From employee spending to accounting integrations, Pleo gives companies control without friction-helping them move faster, stay compliant, and turn finance from a blocker into a strategic advantage.",https://divcommanual.com/acx-fds/exhibitor-listing/pleo/,https://divcommanual.com/acx-fds/wp-content/uploads/sites/6/2026/03/Pleo_logo_Horizontal_Black_CMYK-2.jpg,900,FALSE
Accountex,Plot AI,1845,Standard Show Guide Entry,Accountex London,United Kingdom (UK),https://plotkit.io/,https://www.linkedin.com/company/plotkit/,,,"AI & Automation, Consulting & Business Services, Sales & Marketing","AI & Automation, Marketing & Growth","Marketing & Growth, AI & Automation","Accountants in Practice, Accountants in Industry/Business, Bookkeepers","Plot is a strategy-first, AI powered marketing platform. Plot helps you know what to post, when, and generates emails, blogs, linkedin content and campaign strategy in a click of a button. Helping you market your business and personal brand faster and more consistently than ever. Plot is AI powered but human controlled - you are always in control.",https://divcommanual.com/acx-fds/exhibitor-listing/plot-ai/,https://divcommanual.com/acx-fds/wp-content/uploads/sites/6/2026/04/plot-circle-logo.png,0,FALSE
Accountex,Practice Gateway,1360,Standard Show Guide Entry,Accountex London,United Kingdom (UK),https://practicegateway.com/,https://www.linkedin.com/company/practice-gateway/,,,"Accounting Software, AI & Automation, AML - Anti Money Laundering, MTD, Tax","Bookkeeping, AI & Automation, Tax & MTD, AML/KYC","AI & Automation, Bookkeeping, Tax & MTD, AML/KYC",Accountants in Practice,"Practice Gateway streamlines Tax and Onboarding processes, automates where it makes sense and provides a secure, elevated client experience while the accountant can focus on the work that matters. Designed to Delight Clients. Built to Empower Accountants.",https://divcommanual.com/acx-fds/exhibitor-listing/practice-gateway/,https://divcommanual.com/acx-fds/wp-content/uploads/sites/6/2026/02/PG-logo-for-Accountex.png,0,FALSE
Accountex,Pro Drive IT,980,Standard Show Guide Entry,Accountex London,United Kingdom (UK),https://prodriveit.co.uk,https://www.linkedin.com/company/prodriveit/,,,"AI & Automation, Cyber Security, IT Solutions","AI & Automation, Cyber Security","AI & Automation, Cyber Security","Accountants in Practice, Accountants in Industry/Business","Pro Drive IT provides IT support, IT strategy, cyber security and AI services for SME firms in the Accountancy, Legal and Financial Services sectors that demand uncompromising security and first class customer service.",https://divcommanual.com/acx-fds/exhibitor-listing/pro-drive-it/,https://divcommanual.com/acx-fds/wp-content/uploads/sites/6/2026/01/Pro-Drive-PD-png.png,15,FALSE
Accountex,ProfitPro,1094,Standard Show Guide Entry,Accountex London,Ireland,https://www.theprofitpro.com,,,,"AI & Automation, Practice & Project Management, Sales & Marketing","Practice Management, AI & Automation, Marketing & Growth","Practice Management, Marketing & Growth, AI & Automation","Accountants in Practice, Accountants in Industry/Business","ProfitPro helps accounting firm owners across Ireland and the UK build practices that are more profitable - and more enjoyable to run. Through structured programmes, live events, and a community of peers, Des O'Neill gives firm owners the frameworks and honest conversation they need to take back control and build a practice that works for them.",https://divcommanual.com/acx-fds/exhibitor-listing/profitpro/,https://divcommanual.com/acx-fds/wp-content/uploads/sites/6/2026/04/Untitled-design.png,6,FALSE
Accountex,Progress,1765,Standard Show Guide Entry,Accountex London,United Kingdom (UK),https://www.progress.com/,https://www.linkedin.com/company/progress-software,https://x.com/progresssw,https://www.facebook.com/progresssw,"AI & Automation, CRM, Cyber Security, IT Solutions","AI & Automation, CRM & Comms, Cyber Security","AI & Automation, Cyber Security, Marketing & Growth",,"Progress Software (Nasdaq: PRGS) empowers organizations to achieve transformational success amid disruptive change. Our software helps customers develop, deploy and manage responsible AI-powered applications and personalized digital experiences with agility. Businesses of all sizes trust Progress for the products, expertise and vision needed to turn AI disruption into competitive advantage.",https://divcommanual.com/acx-fds/exhibitor-listing/progress/,https://divcommanual.com/acx-fds/wp-content/uploads/sites/6/2026/02/Progress_PrimaryLogo_Stacked_200x200px.png,2900,FALSE
Accountex,PSS,1745,Standard Show Guide Entry,Accountex London,United Kingdom (UK),https://pss-tax.co.uk,,,,"Accounting Software, Tax","Bookkeeping, Tax & MTD","Bookkeeping, Tax & MTD",,"At Perfect Support Services, we don't see R&D tax relief as a numbers exercise, we see it as a responsibility. Our approach is deliberately compliance-first and unapologetically client-centric. We work with ambitious UK businesses, from MSPs to growing SMEs, delivering legislation-backed, expertly constructed R&D claims that are designed to support sustainable cash flow.",https://divcommanual.com/acx-fds/exhibitor-listing/pss/,https://divcommanual.com/acx-fds/wp-content/uploads/sites/6/2026/04/1.png,13,FALSE
Accountex,QYON AI Accounting Software,1470,Standard Show Guide Entry,Accountex London,United Kingdom (UK),https://www.qyon.com/uk,https://www.linkedin.com/company/qyon-uk/,,,"Accounting Software, AI & Automation, Data Entry / OCR (Optical Character Recognition), MTD, Payroll","Bookkeeping, AI & Automation, Tax & MTD, Doc Automation, Payroll","AI & Automation, Data & Analytics, Bookkeeping, Tax & MTD, Payroll","Accountants in Practice, Accountants in Industry/Business, Bookkeepers","QYON. Solutions for accounting and business management. QYON Bill: Automate the capture, storage, and data extraction from your bills and invoices. QYON SE: Simplify bookkeeping, manage payables and receivables, track cash flow, and customise billing with ease. Making Tax Digital for HMRC QYON CRM for UK Accountants & Bookkeepers - Everything in One Place.",https://divcommanual.com/acx-fds/exhibitor-listing/qyon-ai-accounting-software/,https://divcommanual.com/acx-fds/wp-content/uploads/sites/6/2026/01/qyon-as-450px.jpg,140,FALSE
Accountex,Rainstone Money,530,Standard Show Guide Entry,Accountex London,United Kingdom (UK),https://rainstonemoney.co.uk/,https://www.linkedin.com/company/rainstonemoney/posts/?feedView=all,,https://www.facebook.com/,Consulting & Business Services,Banking & Payments,Banking & Payments,Banking & Payments,"Rainstone Money is an award-winning, FCA-regulated brokerage delivering tailored residential and commercial finance since 2015. Founded by former bankers, we specialise in commercial, bridging, and development finance with a personal, expert approach.",https://divcommanual.com/acx-fds/exhibitor-listing/rainstone-money/,https://divcommanual.com/acx-fds/wp-content/uploads/sites/6/2026/02/Rainstone-money-Logo.png,47,FALSE
Accountex,randd uk,890,Standard Show Guide Entry,Accountex London,United Kingdom (UK),https://randduk.com/,https://www.linkedin.com/company/randd-uk-ltd/,,https://www.facebook.com/randdinnovation/,Research & Development,Tax & MTD,Tax & MTD,Tax & MTD,"As a leading R&D Tax Credits specialist since 2008, randd delivers the highest quality service while ensuring our clients are valued and receive the personal touch. Not only are we experts in submitting clients' annual claims, but we also have a specialist compliance team that steps in to help companies which have encountered difficulties with another provider.",https://divcommanual.com/acx-fds/exhibitor-listing/randd-uk/,https://divcommanual.com/acx-fds/wp-content/uploads/sites/6/2026/02/randd_logo_450x450.png,51,FALSE
Accountex,RB Accounts & Offshore Directorship,501D,Standard Show Guide Entry,Accountex London,United Kingdom (UK),https://www.rbassist.co.uk,,,,No products listed,,Other,"Accountants in Practice, Accountants in Industry/Business, Bookkeepers","Rising costs are making traditional business models less profitable. We help UK businesses improve profitability by cutting overhead and operational costs through Offshore Directorship. We set up your own offshore office fully managed, tailored to your needs, and staffed with skilled professionals. Your team. Your control. A fraction of the cost.",https://divcommanual.com/acx-fds/exhibitor-listing/rb-accounts-offshore-directorship/,https://divcommanual.com/acx-fds/wp-content/uploads/sites/6/2026/04/RB-Logo-450-x-450.png,0,FALSE
Accountex,Reach Reporting,1770,Standard Show Guide Entry,Accountex London,United States (US),https://reachreporting.com/,https://www.linkedin.com/company/reach-reporting,https://x.com/reachreporting,https://www.facebook.com/reachreporting/,"Accounting Software, AI & Automation, Analytics & Reporting, Cash Flow Forecasting, Charity / Not for Profit","Bookkeeping, AI & Automation, Data & Analytics","Data & Analytics, AI & Automation, Bookkeeping","Accountants in Practice, Accountants in Industry/Business, Bookkeepers, Other","Reach Reporting makes financial reporting, forecasting, and budgeting easy with powerful dashboards and enhanced visuals. Automate repetitive tasks and use a single source of truth to understand where you are and what trends to expect in the future. Visualize it all to make better data-driven decisions in minutes.",https://divcommanual.com/acx-fds/exhibitor-listing/reach-reporting/,https://divcommanual.com/acx-fds/wp-content/uploads/sites/6/2026/02/reach-reporting-stacked-mark-blue-signature-black-200x200-white.png,28,FALSE
Accountex,Receeva,501K,Standard Show Guide Entry,Accountex London,United Kingdom (UK),https://receeva.com,,,,"Cyber Security, Document Management, IT Solutions, Practice & Project Management","Practice Management, Document Management, Cyber Security","Document Management, Practice Management, Cyber Security","Accountants in Practice, Accountants in Industry/Business, Bookkeepers","Receeva makes it easy to send and receive confidential files without relying on email. Clients simply upload and send, with no passwords to remember or complicated steps to explain. Files are automatically erased once the transfer is complete. It's incredibly secure behind the scenes, but simple for your team and your clients.",https://divcommanual.com/acx-fds/exhibitor-listing/receeva/,https://divcommanual.com/acx-fds/wp-content/uploads/sites/6/2026/03/Receeva_450x450.png,0,FALSE
Accountex,Record OS,1824,Standard Show Guide Entry,Accountex London,United Kingdom (UK),https://www.record-os.com,https://www.linkedin.com/company/record-os,,,"Accounting Software, AI & Automation, Data Entry / OCR (Optical Character Recognition), MTD, Tax","Bookkeeping, AI & Automation, Tax & MTD, Doc Automation","AI & Automation, Data & Analytics, Bookkeeping, Tax & MTD","Accountants in Practice, Bookkeepers","Record OS is a complete end-to-end solution for Self Assessment and MTD, from data collection through to HMRC submission, built alongside and for UK practices of all sizes. We use OCR and AI to extract and pre-fill client data, cutting manual work, reducing errors, and improving margins. Record OS helps firms deliver compliance faster, with confidence, at scale.",https://divcommanual.com/acx-fds/exhibitor-listing/record-os/,https://divcommanual.com/acx-fds/wp-content/uploads/sites/6/2026/02/Logo_450x450.png,6,FALSE
Accountex,RentalBux,991,Standard Show Guide Entry,Accountex London,United Kingdom (UK),https://rentalbux.com/,https://www.linkedin.com/company/rentalbux/,,https://www.facebook.com/rentalbux,"Accounting Software, Accounts Payable / Accounts Receivable, Document Management, Expense Management, MTD","Bookkeeping, Tax & MTD, Document Management, Expenses","Document Management, Bookkeeping, Tax & MTD, Other","Accountants in Practice, Accountants in Industry/Business, Bookkeepers, Other","Managing rental finances is needlessly complicated. RentalBux simplifies it. Purpose-built for landlords, sole traders, and property investors, it handles everything - income tracking, expenses, joint ownership splits, agent statement processing, and MTD returns - in one place. Limited companies and partnerships get property-level accounting with real-time visibility, no workarounds.",https://divcommanual.com/acx-fds/exhibitor-listing/rentalbux/,https://divcommanual.com/acx-fds/wp-content/uploads/sites/6/2026/02/New-Project-1.png,2,FALSE
Accountex,RewardsEarth Ltd,1509,Standard Show Guide Entry,Accountex London,,,,,,,,Other,,,https://divcommanual.com/acx-fds/exhibitor-listing/rewardsearth-ltd/,https://divcommanual.com/wp-content/uploads/sites/4/2024/08/Profile_avatar_placeholder.png,10,FALSE
Accountex,RICOH and ScanSnap Scanners,575,Standard Show Guide Entry,Accountex London,United Kingdom (UK),https://www.pfu-emea.ricoh.com/,https://www.linkedin.com/company/pfu-emea-limited-ricoh/,,,"AI & Automation, Data Entry / OCR (Optical Character Recognition), Document Management, MTD","AI & Automation, Tax & MTD, Document Management, Doc Automation","Document Management, AI & Automation, Data & Analytics, Tax & MTD","Accountants in Practice, Accountants in Industry/Business, Bookkeepers","Visit our stand to see how effortless scanning supports Making Tax Digital and enables working smarter. Discover how our solutions turn paperwork into compliant digital records, integrate with accounting software, and simplify submissions. See live demos, speak to experts, and find more productive ways to stay efficient, accurate, and fully aligned with evolving UK tax requirements.",https://divcommanual.com/acx-fds/exhibitor-listing/ricoh-and-scansnap-scanners/,https://divcommanual.com/acx-fds/wp-content/uploads/sites/6/2026/04/andrew.jpg,880,FALSE
Accountex,RollPay Bureau Limited,881,Standard Show Guide Entry,Accountex London,United Kingdom (UK),https://www.rollpay.co.uk/,https://www.linkedin.com/company/rollpay-limited/,,https://www.facebook.com/people/Rollpay-Bureau-LTD/61582600216122/,"Auto Enrolment & Pensions, Employee Benefits / Incentives / Salary Sacrifice, MTD, Payroll, VAT","Tax & MTD, Payroll, HR & People","HR & Leadership, Tax & MTD, Payroll","Accountants in Practice, Accountants in Industry/Business","RollPay is a UK-based outsourced payroll, bookkeeping and tax bureau headquartered in Derby, providing white-label virtual payroll solutions for Accounting firms of all sizes. Key offerings include fully managed PAYE and CIS payroll, bookkeeping, expense handling, VAT and tax return support.",https://divcommanual.com/acx-fds/exhibitor-listing/rollpay-bureau-limited/,https://divcommanual.com/acx-fds/wp-content/uploads/sites/6/2026/01/Rollpay-Square-Logo.jpg,13,FALSE
Accountex,Roma Finance,695,Standard Show Guide Entry,Accountex London,United Kingdom (UK),https://www.romafinance.co.uk,https://www.linkedin.com/company/roma-finance/?trk=tyah&trkInfo=tarId%3A1419240195261%2Ctas%3Aroma+fin%2Cidx%3A2-3-8,,https://www.facebook.com/romafinance20,No products listed,,Other,Accountants in Practice,"Roma Finance is a fast, flexible relationship based specialist lender supporting property investors, developers, and landlords across the UK. Focused on long term partnerships and delivering real value, Roma provides bridging, development, and term solutions with speed and clarity. Its customer first approach and expert team help turn property ambitions into successful, sustainable outcomes.",https://divcommanual.com/acx-fds/exhibitor-listing/roma-finance/,https://divcommanual.com/acx-fds/wp-content/uploads/sites/6/2026/02/Logo-450-002.png,82,FALSE
Accountex,Roomex,250,Standard Show Guide Entry,Accountex London,Ireland,https://roomex.com/,https://www.linkedin.com/company/roomex-com,,,"Accounting Software, Analytics & Reporting, Expense Management, Payment Process Services, Practice & Project Management","Bookkeeping, Practice Management, Data & Analytics, Expenses, Banking & Payments","Practice Management, Banking & Payments, Data & Analytics, Bookkeeping, Other",,"Roomex is the leading travel and spend management platform for the mobile workforce. Roomex helps you book, manage, pay, and analyse all of your accommodation and expenses in one place - bringing control and visibility into your travel spend.",https://divcommanual.com/acx-fds/exhibitor-listing/roomex/,https://divcommanual.com/acx-fds/wp-content/uploads/sites/6/2026/03/450-X-450-Logo.png,130,FALSE
Accountex,RPost,1161,Standard Show Guide Entry,Accountex London,United Kingdom (UK),https://rpost.com/,https://www.linkedin.com/showcase/rpost-uk/,https://x.com/RPost,https://www.facebook.com/RPostInc/,"AI & Automation, Analytics & Reporting, Cyber Security, Document Management, IT Solutions","AI & Automation, Document Management, eSign, Data & Analytics, Cyber Security","Document Management, Data & Analytics, AI & Automation, Cyber Security","Accountants in Practice, Accountants in Industry/Business, Bookkeepers","RPost helps accountancy firms reduce fraud risk, protect sensitive communications and keep client work moving. Our eavesdropping detection add-on helps uncover risk in third-party email accounts, while RMail secures email and proves delivery, RSign offers flexible, cost-effective, compliant eSignatures, and RDocs lets firms track, control and revoke document access even after sending.",https://divcommanual.com/acx-fds/exhibitor-listing/rpost/,https://divcommanual.com/acx-fds/wp-content/uploads/sites/6/2026/04/Picture2.jpg,190,FALSE
Accountex,RQ,174,Standard Show Guide Entry,Accountex London,United Kingdom (UK),https://rq.app,,,,"CRM, Sales & Marketing","Bookkeeping, ",Marketing & Growth,Accountants in Practice,"RQ gives accountants, solicitors, financial advisers, and other regulated firms one system to manage introducer relationships, referral workflows, and fee sharing - with central visibility and built-in governance. Every introduction is captured, tracked, and compliant.",https://divcommanual.com/acx-fds/exhibitor-listing/rq/,https://divcommanual.com/acx-fds/wp-content/uploads/sites/6/2026/03/Logo-7-copy.png,42,FALSE
Accountex,Rubli Lease Accounting Software,564,Standard Show Guide Entry,Accountex London,United Kingdom (UK),https://www.rubli.co/,https://www.linkedin.com/company/rubli-solutions/,,,Accounting Software,Practice Management,Bookkeeping,"Accountants in Practice, Accountants in Industry/Business, Bookkeepers","Rubli is purpose-built lease accounting software that simplifies IFRS 16 and FRS 102 compliance. Designed for finance teams and accounting firms, our cloud-based platform automates calculations, journals, disclosures and reporting. With AI-assisted lease term extraction and audit-ready outputs, Rubli reduces risk, saves time and eliminates spreadsheet complexity. Trusted globally, we help organisa",https://divcommanual.com/acx-fds/exhibitor-listing/rubli-lease-accounting-software/,https://divcommanual.com/acx-fds/wp-content/uploads/sites/6/2026/04/Rubli-Square-Logo-1.1-450p.png,3,FALSE
Accountex,Sage,1220,Standard Show Guide Entry,Accountex London,United Kingdom (UK),https://www.sage.com,https://www.linkedin.com/company/sage-software/,https://x.com/sageuk,https://en-gb.facebook.com/SageUK/,"Accounting Software, MTD, Payroll, Practice & Project Management, VAT","Bookkeeping, Practice Management, Tax & MTD, Payroll","Practice Management, Bookkeeping, Tax & MTD, Payroll","Accountants in Practice, Accountants in Industry/Business, Bookkeepers","Sage supports accountants, bookkeepers, finance teams and small and medium-sized businesses with trusted software for accounting, payroll, HR, compliance and practice management. With 40+ years' experience and AI-powered tools including Sage Copilot, Sage helps reduce admin, manage risk and deliver insight so organisations stay compliant and grow with confidence.",https://divcommanual.com/acx-fds/exhibitor-listing/sage/,https://divcommanual.com/acx-fds/wp-content/uploads/sites/6/2026/04/Sage-Logo.png,11000,FALSE
Accountex,Scan-Optics Ltd,1410,Standard Show Guide Entry,Accountex London,United Kingdom (UK),https://www.scanoptics.co.uk,https://www.linkedin.com/company/scan-optics/,,,"AI & Automation, Data Entry / OCR (Optical Character Recognition), Document Management","AI & Automation, Document Management, Doc Automation","Document Management, AI & Automation, Data & Analytics",Accountants in Industry/Business,"Scan-Optics is a global leader in digital transformation, intelligent data management, document conversion and business process optimisation. With over 50 years of experience serving private, government and higher education institutions, Scan-Optics helps customers digitally transform their businesses by leveraging AI technology, machine learning and cloud-based solutions.",https://divcommanual.com/acx-fds/exhibitor-listing/scan-optics-ltd/,https://divcommanual.com/acx-fds/wp-content/uploads/sites/6/2026/04/Scanoptics-logo-2022-SM.png,0,FALSE
Accountex,Scope,1140,Standard Show Guide Entry,Accountex London,Malta,https://www.scopecloudsolutions.com,https://www.linkedin.com/company/scope-solutions-malta,,https://www.facebook.com/scope.malta,"Accounting Software, Accounts Payable / Accounts Receivable, AI & Automation, CRM, Practice & Project Management","Bookkeeping, Practice Management, AI & Automation, CRM & Comms","Practice Management, AI & Automation, Bookkeeping, Marketing & Growth","Accountants in Practice, Accountants in Industry/Business, Bookkeepers","Born from finance and technology expertise, Scope leverages 13+ years of experience to transform businesses through cloud innovation. With offices in Malta, UAE, and Cyprus, our diverse team delivers holistic, tailored solutions to a growing global client base. As your single contact point, we leverage strategic partnerships to streamline banking, simplify compliance, and future-proof operations.",https://divcommanual.com/acx-fds/exhibitor-listing/scope/,https://divcommanual.com/acx-fds/wp-content/uploads/sites/6/2026/01/Scope-logo.png,36,FALSE
Accountex,SEIDOR,1840,Standard Show Guide Entry,Accountex London,United Kingdom (UK),https://www.seidor.com/en-gb,https://www.linkedin.com/company/seidor,,,"Accounting Software, AI & Automation, Analytics & Reporting, Cash Flow Forecasting, IT Solutions","Bookkeeping, AI & Automation, Data & Analytics","Data & Analytics, AI & Automation, Bookkeeping","Accountants in Practice, Accountants in Industry/Business, Bookkeepers",SEIDOR is one of the world's leading SAP Platinum Partners. Use our award-winning services and ERP solutions to transform the way your business operates with our range of SAP-powered innovation.,https://divcommanual.com/acx-fds/exhibitor-listing/seidor/,https://divcommanual.com/acx-fds/wp-content/uploads/sites/6/2026/04/SEIDOR-Logo.png,10000,FALSE
Accountex,Silverfin,1095,Standard Show Guide Entry,Accountex London,United Kingdom (UK),https://silverfin.com/en-gb/,https://www.linkedin.com/company/silverfin/,https://x.com/getsilverfin,,"Accounting Software, AI & Automation, Analytics & Reporting, Document Management","Bookkeeping, AI & Automation, Document Management, Data & Analytics","Document Management, Data & Analytics, AI & Automation, Bookkeeping",Accountants in Practice,"Silverfin is the cloud-based accounting platform that eliminates manual data entry and disconnected processes across financial reporting and compliance. We automate workpapers, accounts production and tax for over 1,000 firms in 18 countries, freeing accountants to focus on delivering high-value advisory services. Trusted by all Big 4 firms and backed by Visma Group.",https://divcommanual.com/acx-fds/exhibitor-listing/silverfin/,https://divcommanual.com/acx-fds/wp-content/uploads/sites/6/2026/03/Accountex-London-Campany-Logo.jpg,200,FALSE
Accountex,smartZebra GmbH,1726,Standard Show Guide Entry,Accountex London,Germany,https://www.smart-zebra.com/,https://www.linkedin.com/company/smartzebra/,,,"AI & Automation, Audit, Corporate Finance / Mergers & Acquisitions, IT Solutions, Tax","AI & Automation, Tax & MTD, Banking & Payments","Banking & Payments, AI & Automation, Tax & MTD","Accountants in Practice, Accountants in Industry/Business","Database for Valuation and Transfer-Pricing: Cost of Capital, Beta-Factors, Sales-/Ebit-/Ebitda-Multiples, Volatilities, Interest rates and Credit Spreads. Ebit-/Ebitda-/Gross-Margins etc.",https://divcommanual.com/acx-fds/exhibitor-listing/smartzebra-gmbh/,https://divcommanual.com/acx-fds/wp-content/uploads/sites/6/2026/02/Logo-smartZebra-150x107-1.jpg,8,FALSE
Accountex,Socket Digital Limited,1741,Standard Show Guide Entry,Accountex London,,,,,,,,Other,,,https://divcommanual.com/acx-fds/exhibitor-listing/socket-digital-limited/,https://divcommanual.com/wp-content/uploads/sites/4/2024/08/Profile_avatar_placeholder.png,0,FALSE
Accountex,Speedbooks,1754,Standard Show Guide Entry,Accountex London,Netherlands,https://www.speedbooks.co.uk,https://www.linkedin.com/company/speedbooks-software,,,Analytics & Reporting,Data & Analytics,Data & Analytics,"Accountants in Practice, Bookkeepers","Speedbooks is a SaaS company empowering SMBs and accounting firms with clear, affordable financial reports. The platform transforms balance sheet, cash flow, and P&L data into real-time, actionable intelligence, saving time, reducing costs, and significantly increasing the value of accounting software.",https://divcommanual.com/acx-fds/exhibitor-listing/speedbooks/,https://divcommanual.com/acx-fds/wp-content/uploads/sites/6/2026/03/Afbeelding1.png,0,FALSE
Accountex,Spreadsheetsoftware - Understand Every Spreadsheet,1401,Standard Show Guide Entry,Accountex London,Netherlands,https://spreadsheetsoftware.com,https://www.linkedin.com/in/maartenbessems/,,,"Accounting Software, AI & Automation, Analytics & Reporting, Audit, IT Solutions","Bookkeeping, AI & Automation, Data & Analytics","Data & Analytics, AI & Automation, Bookkeeping","Accountants in Practice, Accountants in Industry/Business, Bookkeepers, Other","Spreadsheetsoftware - ExcelAnalyzer Whether spreadsheets are built manually or with AI, ExcelAnalyzer makes every model easy to understand. Instantly see the logic behind calculations, spot inconsistencies and catch errors fast. No black box, just clarity, confidence and smarter spreadsheet work. Works directly inside Excel with a button and is trusted by 6 of the 10 largest accountancy firms.",https://divcommanual.com/acx-fds/exhibitor-listing/spreadsheetsoftware-understand-every-spreadsheet/,https://divcommanual.com/acx-fds/wp-content/uploads/sites/6/2026/04/Spreadsheetsoftware-logo-rgb-zonder-slogan.png,6,FALSE
Accountex,Starling,1270,Standard Show Guide Entry,Accountex London,United Kingdom (UK),https://www.starlingbank.com/business-account/,https://www.linkedin.com/company/starlingbank,https://twitter.com/starlingbank,https://www.facebook.com/StarlingBankUK,"Accounting Software, Banking Services / Open Banking / Payment / FX Budgeting, MTD","Bookkeeping, Tax & MTD, Banking & Payments","Banking & Payments, Bookkeeping, Tax & MTD","Accountants in Practice, Bookkeepers","Starling is an award-winning, fully-licensed and regulated bank with a mission to help customers be good with money by taking active control of their finances. Starling works closely in partnership with over 750 leading Accountancy & Bookkeeping firms to support client's banking requirements through our dedicated referral partnership programme, along with our HMRC-recognised accounting tools.",https://divcommanual.com/acx-fds/exhibitor-listing/starling/,https://divcommanual.com/acx-fds/wp-content/uploads/sites/6/2026/02/Adobe-Express-file.png,3000,FALSE
Accountex,Sterling,631,Standard Show Guide Entry,Accountex London,Poland,https://sterling-outsourcing.com/,https://www.linkedin.com/company/sterling-outsourcing/,,,"Accounts Payable / Accounts Receivable, Cash Flow Forecasting, Consulting & Business Services, Insolvency, Restructuring & Business Recovery, Outsourcing / Offshoring","Bookkeeping, Banking & Payments, Outsourcing","Banking & Payments, Bookkeeping, Outsourcing","Accountants in Practice, Accountants in Industry/Business, Bookkeepers","Sterling delivers smarter credit management, efficient debt recovery, expert finance outsourcing, and seamless customer service. With over 20 years' experience, 2,000+ advisers, and clients across 33 countries, we enhance efficiency and customer experience. From proactive credit control to multilingual support and no""'win""'no""'fee recovery, Sterling is the Missing Piece helping organisations thrive.",https://divcommanual.com/acx-fds/exhibitor-listing/sterling/,https://divcommanual.com/acx-fds/wp-content/uploads/sites/6/2026/02/Logo.jpg,250,FALSE
Accountex,Streem Connect,780,Standard Show Guide Entry,Accountex London,United Kingdom (UK),https://streemconnect.com,https://www.linkedin.com/company/streem-connect/,https://x.com/StreemConnect,https://www.facebook.com/streemconnect/?locale=en_GB,"Accounting Software, AI & Automation, Banking Services / Open Banking / Payment / FX Budgeting, Data Entry / OCR (Optical Character Recognition), MTD","Bookkeeping, AI & Automation, Tax & MTD, Doc Automation, Banking & Payments","Banking & Payments, AI & Automation, Data & Analytics, Bookkeeping, Tax & MTD","Accountants in Practice, Accountants in Industry/Business, Bookkeepers","Never chase clients for bank statements again -Tired of chasing bank statements from clients? -Tired of having to manually Analyse your clients data? -Tired of having to manually reconcile and tick off your clients bank accounts? -Tired of needing to chase for verification of year end balances? Empower Your Accounting Business with Streem Connect Streem Connect delivers up to date, fast, accurate",https://divcommanual.com/acx-fds/exhibitor-listing/streem-connect/,https://divcommanual.com/acx-fds/wp-content/uploads/sites/6/2026/02/streemconnect-logo.png,4,FALSE
Accountex,SuiteFiles,931,Standard Show Guide Entry,Accountex London,New Zealand,https://www.suitefiles.com,https://www.linkedin.com/company/suitefiles,,https://www.facebook.com/SuiteFiles,"AI & Automation, Document Management, Practice & Project Management","Practice Management, AI & Automation, Document Management","Document Management, Practice Management, AI & Automation","Accountants in Practice, Bookkeepers, Other","SuiteFiles is the operating system for modern accounting firms, an intelligent workspace that connects documents, client collaboration and workflows into one secure place. By removing friction and standardising work, SuiteFiles turns chaos into consistent delivery, freeing teams from chasing and search so firms regain capacity, confidence and time to focus on higher-value advisory and client relat",https://divcommanual.com/acx-fds/exhibitor-listing/suitefiles/,https://divcommanual.com/acx-fds/wp-content/uploads/sites/6/2026/01/Primary-logo-Dark.png,25,FALSE
Accountex,Summa Tech,1750,Standard Show Guide Entry,Accountex London,United Kingdom (UK),https://summatech.co.uk/,https://www.linkedin.com/company/summa-tech/,,,"Accounting Software, AML - Anti Money Laundering, Document Management, Practice & Project Management","Bookkeeping, Practice Management, Document Management, AML/KYC","Document Management, Practice Management, Bookkeeping, AML/KYC","Accountants in Practice, Accountants in Industry/Business","Summa Tech is one of the UK's leading client onboarding platforms, integrating AML, KYC, Letters of Engagement and Ongoing Due Diligence seamlessly into a single platform. Already in use by some of the UK's Top 200 firms, it is bringing a new solution to Accountex 2026 - Onboarder - designed to meet the needs of smaller practices.",https://divcommanual.com/acx-fds/exhibitor-listing/summa-tech/,https://divcommanual.com/acx-fds/wp-content/uploads/sites/6/2026/02/SummaTech_450x450.jpg,3,FALSE
Accountex,Suralink,1618,Standard Show Guide Entry,Accountex London,United States (US),https://www.suralink.com/,https://www.linkedin.com/company/suralink,,,"Accounting Software, AI & Automation, Audit, Document Management, Practice & Project Management","Bookkeeping, Practice Management, AI & Automation, Document Management","Document Management, Practice Management, AI & Automation, Bookkeeping","Accountants in Practice, Accountants in Industry/Business","Suralink is a global leader in AI-driven accounting technology, providing an agentic automation platform that unifies the Request-to-Review process. By replacing manual friction with intelligent AI agents, Suralink pre-screens documents and provides critical insights. Trusted by over 800,000 users, the secure, centralized environment empowers firms to have their most efficient engagements.",https://divcommanual.com/acx-fds/exhibitor-listing/suralink/,https://divcommanual.com/acx-fds/wp-content/uploads/sites/6/2026/04/450x450-suralink.jpg,110,FALSE
Accountex,Swoop Funding,1340,Standard Show Guide Entry,Accountex London,United Kingdom (UK),https://swoopfunding.com/,https://www.linkedin.com/company/swoopfunding/,,https://www.facebook.com/SwoopFunding/,"Banking Services / Open Banking / Payment / FX Budgeting, Cash Flow Forecasting, Corporate Finance / Mergers & Acquisitions, VAT","Bookkeeping, Tax & MTD, Banking & Payments","Banking & Payments, Bookkeeping, Tax & MTD","Accountants in Practice, Bookkeepers","Swoop is a business funding and savings platform enabling businesses to discover the right funding solutions across loans, equity and grants, and to identify and easily make savings. We work with over 100 funders from mainstream banks, alternative lenders, venture capital funds, angel investors and grant agencies, meaning that whatever your funding requirement, we're able to offer a solution.",https://divcommanual.com/acx-fds/exhibitor-listing/swoop-funding/,https://divcommanual.com/acx-fds/wp-content/uploads/sites/6/2026/01/Compressed-logo-Swoop.png,140,FALSE
Accountex,Syndesi,501L,Standard Show Guide Entry,Accountex London,United Kingdom (UK),https://www.syndesi.network/,https://www.linkedin.com/company/syndesi-network,,,Consulting & Business Services,HR & People,HR & Leadership,HR & People,"Syndesi is an exclusive concierge platform for accountants, enabling firms to extend beyond core compliance into high-value advisory through a curated network of trusted and vetted specialists. It empowers accountants to deliver better client outcomes, deepen trusted relationships, and unlock revenue opportunities through seamless access to the right expertise at the right time.",https://divcommanual.com/acx-fds/exhibitor-listing/syndesi/,https://divcommanual.com/acx-fds/wp-content/uploads/sites/6/2026/04/Untitled-design-6.png,5,FALSE
Accountex,Tax Accountant Franchise,985,Standard Show Guide Entry,Accountex London,United Kingdom (UK),https://www.taxaccountantfranchise.co.uk/,,,,"Accounting Software, Corporate Finance / Mergers & Acquisitions, MTD, Tax, VAT","Bookkeeping, Tax & MTD, Banking & Payments","Banking & Payments, Bookkeeping, Tax & MTD","Accountants in Practice, Accountants in Industry/Business","If you are an accountant in practice or looking to start your own brand new accountancy practice with full back office support, training and clients; join the 21st Century Concept ""TAX ACCOUNTANT"". We are accountants and we deliver what we promise. Talk to us about the benefits and how to follow your dream.",https://divcommanual.com/acx-fds/exhibitor-listing/tax-accountant-franchise/,https://divcommanual.com/acx-fds/wp-content/uploads/sites/6/2026/04/lOGO-3-1.png,0,FALSE
Accountex,Tax Canary,1445,Standard Show Guide Entry,Accountex London,Netherlands,https://www.taxcanary.com,,,,"AI & Automation, Tax, VAT","AI & Automation, Tax & MTD","AI & Automation, Tax & MTD","Accountants in Practice, Accountants in Industry/Business","International contracts carry tax risks most businesses only discover after contracts are signed. Tax Canary is a SaaS tool that puts cross-border tax intelligence - withholding tax, permanent establishment risk and more in the hands of finance, legal and commercial teams, and accountants in practice. Fast, clear answers before contracts are signed. Come and see a demo today.",https://divcommanual.com/acx-fds/exhibitor-listing/tax-canary/,https://divcommanual.com/acx-fds/wp-content/uploads/sites/6/2026/02/Logo-Transparency-TC-450-450.png,3,FALSE
Accountex,Tax Essentials for Advisors,784,Standard Show Guide Entry,Accountex London,United Kingdom (UK),https://www.indicator.co.uk,https://www.linkedin.com/company/indicator-uk/,,https://www.facebook.com/indicatoruk,"AI & Automation, MTD, Research & Development, Tax, VAT","AI & Automation, Tax & MTD","AI & Automation, Tax & MTD","Accountants in Practice, Accountants in Industry/Business, Bookkeepers","Tax Essentials for Advisors + GenIA L delivers clear, secure, GDPR""'compliant AI support for tax professionals, with no data stored or used for training. Built for advisors who need accuracy and confidentiality, it draws on 200+ years of expertise from Indicator and the Lefebvre Group. Visit us at stand C42.",https://divcommanual.com/acx-fds/exhibitor-listing/tax-essentials-for-advisors/,https://divcommanual.com/acx-fds/wp-content/uploads/sites/6/2026/03/tax-essentials.jpg,38,FALSE
Accountex,Tax Notes,585,Standard Show Guide Entry,Accountex London,,,,,,,"Tax & MTD, Marketing & Growth","Marketing & Growth, Tax & MTD","Tax & MTD, Marketing & Growth",,https://divcommanual.com/acx-fds/exhibitor-listing/tax-notes/,https://divcommanual.com/wp-content/uploads/sites/4/2024/08/Profile_avatar_placeholder.png,190,FALSE
Accountex,Tax World UK,254,Standard Show Guide Entry,Accountex London,United Kingdom (UK),https://www.taxworld.co.uk/,https://www.linkedin.com/in/alan-moore-029b9921/,,,"Accounting Software, AI & Automation, Capital Allowances, Tax, VAT","Bookkeeping, AI & Automation, Tax & MTD","AI & Automation, Bookkeeping, Tax & MTD","Accountants in Practice, Accountants in Industry/Business, Bookkeepers","Tax questions answered using our AI bot, Ezylia.",https://divcommanual.com/acx-fds/exhibitor-listing/tax-world-uk/,https://divcommanual.com/acx-fds/wp-content/uploads/sites/6/2026/02/taxworld_logo_resized.png,0,FALSE
Accountex,TaxAssist Accountants,667,Standard Show Guide Entry,Accountex London,United Kingdom (UK),https://www.taxassistfranchise.co.uk,https://www.linkedin.com/company/taxassist-accountants-franchise-uk/,https://x.com/TaxAssistFranUK,https://www.facebook.com/TaxAssistFranUK,"Consulting & Business Services, Education & Qualifications, Practice & Project Management, Recruitment & Training, Tax","Practice Management, Tax & MTD, HR & People","Practice Management, HR & Leadership, Tax & MTD","Accountants in Practice, Accountants in Industry/Business, Bookkeepers","With a TaxAssist Accountants franchise you can own a thriving accountancy, tax and advisory practice and enjoy a growing income from your efforts while building a valuable asset. There are three different ways you can join us - build a practice - buy a practice - convert your existing practice.",https://divcommanual.com/acx-fds/exhibitor-listing/taxassist-accountants/,https://divcommanual.com/acx-fds/wp-content/uploads/sites/6/2026/01/Untitled-design-41.png,10,FALSE
Accountex,TaxCalc,750,Standard Show Guide Entry,Accountex London,United Kingdom (UK),http://www.taxcalc.com,https://uk.linkedin.com/company/taxcalc,https://x.com/taxcalc,https://www.facebook.com/taxcalc/,"Accounting Software, MTD, Practice & Project Management, Tax, VAT","Bookkeeping, Practice Management, Tax & MTD","Practice Management, Bookkeeping, Tax & MTD",,"TaxCalc & Engager support over 12,000 UK accountancy firms. TaxCalc is award-winning tax return and accounts production software, while Engager provides onboarding, pricing and practice management software. Designed to work seamlessly together, they offer greater visibility, reduced data duplication and a more controlled way to run a modern practice.",https://divcommanual.com/acx-fds/exhibitor-listing/taxcalc/,https://divcommanual.com/acx-fds/wp-content/uploads/sites/6/2026/04/Accountex-Tile-%E2%80%93-Pink-700-%E2%80%93-TaxCalc-colour-logo.png,93,FALSE
Accountex,TaxDome,1670,Standard Show Guide Entry,Accountex London,United States (US),https://taxdome.com/en-gb/,https://www.linkedin.com/showcase/taxdome-united-kingdom/,,https://www.facebook.com/taxdome,"Accounting Software, AI & Automation, CRM, IT Solutions, Practice & Project Management","Bookkeeping, Practice Management, AI & Automation, CRM & Comms","Practice Management, AI & Automation, Bookkeeping, Marketing & Growth","Accountants in Practice, Accountants in Industry/Business, Bookkeepers, Other","TaxDome is an all-in-one practice management platform for accounting, tax, and bookkeeping firms, built to enhance client experience. It combines communication, document sharing, workflows, billing, and CRM in one secure portal, helping firms work efficiently while delivering a seamless, transparent, and professional client journey.",https://divcommanual.com/acx-fds/exhibitor-listing/taxdome/,https://divcommanual.com/acx-fds/wp-content/uploads/sites/6/2026/04/taxdome_logo_resized.png,330,FALSE
Accountex,TaxNav,1314,Standard Show Guide Entry,Accountex London,United Kingdom (UK),https://www.taxnavhq.co.uk,https://www.linkedin.com/company/taxnav/,,https://www.facebook.com/taxnav,"Accounting Software, AI & Automation, IT Solutions, MTD, Tax","Bookkeeping, AI & Automation, Tax & MTD","AI & Automation, Bookkeeping, Tax & MTD","Accountants in Practice, Accountants in Industry/Business, Bookkeepers, Other","TaxNav is your go-to software for helping clients complete Making Tax Digital for Income Tax (MTD IT) submissions with ease. It's simple, quick, easy to use, and HMRC-recognised. TaxNavHQ provides a handy dashboard of where your clients are in their MTD IT journey. It also sends automatic reminders ahead of their key deadlines - letting you focus on your work",https://divcommanual.com/acx-fds/exhibitor-listing/taxnav/,https://divcommanual.com/acx-fds/wp-content/uploads/sites/6/2026/04/Taxnav_Logo_Colour_Light-Background_RGB-png.png,4,FALSE
Accountex,Taxpad Ltd,880,Standard Show Guide Entry,Accountex London,United Kingdom (UK),https://taxpad.co.uk,,,,"Accounting Software, MTD, Tax","Bookkeeping, Tax & MTD","Bookkeeping, Tax & MTD","Accountants in Practice, Bookkeepers",Taxpad is a new suite that offers a cutting-edge compliance solution for accountants and bookkeepers. New users can get on board and be productive in minutes with the assurance of robust software and transparent prices. The award-winning team behind Taxpad have been building tax software for over 30 years and were pioneers of cloud compliance software.,https://divcommanual.com/acx-fds/exhibitor-listing/taxpad-ltd/,https://divcommanual.com/acx-fds/wp-content/uploads/sites/6/2026/01/Logo-Only.png,3,FALSE
Accountex,Telleroo,1185,Standard Show Guide Entry,Accountex London,United Kingdom (UK),https://www.telleroo.com/,https://www.linkedin.com/company/telleroo/,,https://www.facebook.com/Telleroo,"Accounts Payable / Accounts Receivable, Banking Services / Open Banking / Payment / FX Budgeting, Foreign Exchange and Multi-Currency Services, Payment Process Services, Payroll","Bookkeeping, Payroll, Banking & Payments","Banking & Payments, Bookkeeping, Payroll","Accountants in Practice, Accountants in Industry/Business, Bookkeepers, Other","Telleroo cuts out errors, saves you time and de-risks bulk supplier and payroll payments. With built-in approval flows, fraud prevention alerts and integrations with leading accounting and payroll software, Telleroo helps catch mistakes and prevent payment fraud, making it an essential tool in your app stack. Connect with Xero, QuickBooks, Employment Hero, Staffology, FreshPay and more!",https://divcommanual.com/acx-fds/exhibitor-listing/telleroo/,https://divcommanual.com/acx-fds/wp-content/uploads/sites/6/2026/01/Telleroo-03-copy.png,36,FALSE
Accountex,The AIR Network Limited,970,Standard Show Guide Entry,Accountex London,,,,,,,,Other,,,https://divcommanual.com/acx-fds/exhibitor-listing/the-air-network-limited/,https://divcommanual.com/wp-content/uploads/sites/4/2024/08/Profile_avatar_placeholder.png,0,FALSE
Accountex,The Audit Experts,1640,Standard Show Guide Entry,Accountex London,United Kingdom (UK),https://theauditexperts.co.uk/,https://www.linkedin.com/in/irfanzuberi/,,,Audit,Practice Management,Practice Management,Practice Management,"The Audit Experts work with accountancy firms not authorised to undertake audit work, acting as their dedicated audit department and enabling them to deliver high-quality audit services to their clients. We also support audit firms with tailored audit solutions, leveraging our technical expertise to strengthen their audit quality and support audit firms in meeting regulators' expectations.",https://divcommanual.com/acx-fds/exhibitor-listing/the-audit-experts/,https://divcommanual.com/acx-fds/wp-content/uploads/sites/6/2026/02/Logo-1.jpg,5,FALSE
Accountex,The Chartered Institute of Payroll Professionals,714,Standard Show Guide Entry,Accountex London,United Kingdom (UK),https://www.cipp.org.uk/,https://www.linkedin.com/school/cippuk/,,https://www.facebook.com/thecipp/,"Association / Professional Body, Auto Enrolment & Pensions, Employee Benefits / Incentives / Salary Sacrifice, HR, Payroll","Payroll, HR & People","HR & Leadership, Payroll","Accountants in Practice, Accountants in Industry/Business, Bookkeepers, Other","The Chartered Institute of Payroll Professionals (CIPP) is the only Chartered body for pay professionals in the UK. With more than 9,500 individuals benefitting from the CIPP's membership benefits and CIPP-approved qualifications and training, the Institute is dedicated to raising the profile of pay in businesses across the UK.",https://divcommanual.com/acx-fds/exhibitor-listing/the-chartered-institute-of-payroll-professionals/,https://divcommanual.com/acx-fds/wp-content/uploads/sites/6/2026/02/CIPP-Logo_Master-Stacked_RGB_72dpi_Small_web.jpg,130,FALSE
Accountex,The dot HQ,1021,Standard Show Guide Entry,Accountex London,United Kingdom (UK),https://www.thedothq.com,https://www.linkedin.com/company/thedothq/about/,https://twitter.com/thedothq,https://www.facebook.com/thedothq,"Accounts Payable / Accounts Receivable, Audit, Outsourcing / Offshoring, Recruitment & Training, Tax","Bookkeeping, Tax & MTD, HR & People, Outsourcing","Bookkeeping, HR & Leadership, Outsourcing, Tax & MTD","Accountants in Practice, Accountants in Industry/Business, Bookkeepers","At The dot HQ, we empower businesses with dedicated offshore teams that deliver long-term value, operational continuity and scalable growth. Our resource solutions ensure efficiency and compliance. Whether it's expert financial support, data-driven insights or process-driven assistance, our PODs - 'Professionals on Demand' integrate quickly and deliver measurable results from day one.",https://divcommanual.com/acx-fds/exhibitor-listing/the-dot-hq/,https://divcommanual.com/acx-fds/wp-content/uploads/sites/6/2026/03/dot-Logo_450X450_1.png,150,FALSE
Accountex,The Ink Group,534,Standard Show Guide Entry,Accountex London,United Kingdom (UK),https://www.theinkgroup.co.uk,https://www.linkedin.com/company/ink-employee-benefits/,,,"Consulting & Business Services, Employee Benefits / Incentives / Salary Sacrifice, HR, Payment Process Services, Payroll","Payroll, HR & People, Banking & Payments","Banking & Payments, HR & Leadership, Payroll","Accountants in Practice, Accountants in Industry/Business, Bookkeepers","The Ink Group provides effective employment support for smart businesses. We partner with professional firms to deliver HR managed services, a compliant payroll service (including white-label payroll), expert workplace pension advice, and employee benefits support-helping firms strengthen their client offering with reliable, scalable, and engaging people and reward services.",https://divcommanual.com/acx-fds/exhibitor-listing/the-ink-group/,https://divcommanual.com/acx-fds/wp-content/uploads/sites/6/2026/03/Ink-Logo-Blue.jpg,19,FALSE
Accountex,The Institute of Chartered Accountants of India,1830,Standard Show Guide Entry,Accountex London,India,https://www.icai.org/,https://www.linkedin.com/school/theicai/posts/?feedView=all,https://x.com/theicai,https://www.facebook.com/share/14a7jCJp89H/,"Analytics & Reporting, Association / Professional Body, Audit, Education & Qualifications, Research & Development","Data & Analytics, HR & People","Data & Analytics, HR & Leadership","Accountants in Practice, Accountants in Industry/Business, Bookkeepers","The Institute of Chartered Accountants of India (ICAI) is a statutory body established by an Act of Parliament, viz. The Chartered Accountants Act, 1949 (Act No.XXXVIII of 1949) for regulation and development of the profession of Chartered Accountants in the country. The Institute, functions under the administrative control of the Ministry of Corporate Affairs, Government of India.",https://divcommanual.com/acx-fds/exhibitor-listing/the-institute-of-chartered-accountants-of-india/,https://divcommanual.com/acx-fds/wp-content/uploads/sites/6/2026/04/ICAI-Logo-final.jpg,8900,FALSE
Accountex,The Institute of Chartered Accountants of Nepal,1825,Standard Show Guide Entry,Accountex London,Nepal,https://en.ican.org.np/en/,https://www.linkedin.com/company/nepalicanofficial/,https://x.com/NepalIcan,https://www.facebook.com/share/1AUpxNKN9B/?mibextid=wwXIfr,Association / Professional Body,HR & People,HR & Leadership,"Accountants in Practice, Accountants in Industry/Business, Bookkeepers","The Institute of Chartered Accountants of Nepal (ICAN), an autonomous body, established under a specific Act, The Nepal Chartered Accountants Act 1997, is entrusted by the statute to promote and regulate accounting profession in Nepal.",https://divcommanual.com/acx-fds/exhibitor-listing/the-institute-of-chartered-accountants-of-nepal/,https://divcommanual.com/wp-content/uploads/sites/4/2024/08/Profile_avatar_placeholder.png,88,FALSE
Accountex,Thomson Reuters,1710,Standard Show Guide Entry,Accountex London,United Kingdom (UK),https://www.thomsonreuters.com/en.html,https://www.linkedin.com/company/thomson-reuters/,https://x.com/thomsonreuters,https://www.facebook.com/thomsonreuters,"AI & Automation, Audit, Document Management, MTD, Tax","AI & Automation, Tax & MTD, Document Management","Document Management, AI & Automation, Tax & MTD","Accountants in Practice, Accountants in Industry/Business, Bookkeepers","Thomson Reuters delivers specialized content, technology, and expertise for legal, tax, accounting, risk, and fraud. With 24,000+ professionals across 70+ countries and Reuters news service, we partner with organizations of all sizes. With proven brands like Digita Professional Suite, ONESOURCE and Onvio you get the intelligence and expertise you need. Visit tax.thomsonreuters.co.uk/",https://divcommanual.com/acx-fds/exhibitor-listing/thomson-reuters/,https://divcommanual.com/acx-fds/wp-content/uploads/sites/6/2026/01/Stacked-logo-450-x-450-px.png,27000,FALSE
Accountex,Tide,1411,Standard Show Guide Entry,Accountex London,United Kingdom (UK),https://www.tide.co,https://www.linkedin.com/company/tide-banking/,https://x.com/TideBusiness,https://www.facebook.com/tidebanking/,"Accounting Software, Banking Services / Open Banking / Payment / FX Budgeting, Expense Management, Insurance, MTD","Bookkeeping, Tax & MTD, Expenses, Banking & Payments","Banking & Payments, Bookkeeping, Tax & MTD, Other","Accountants in Practice, Accountants in Industry/Business, Bookkeepers","Tide is the UK's leading business management platform, supporting over 1.5 million SMEs worldwide. We provide powerful, all-in-one solutions-from FSCS-protected bank accounts and company registration to automated bookkeeping, integrated invoicing, and finance. Our mission is to save business owners time and money through a seamless digital ecosystem that simplifies financial management.",https://divcommanual.com/acx-fds/exhibitor-listing/tide/,https://divcommanual.com/acx-fds/wp-content/uploads/sites/6/2026/04/tide_logo_blue_back-4.png,2800,FALSE
Accountex,TimeKeeper by Bright,1160,Standard Show Guide Entry,Accountex London,United Kingdom (UK),https://brightsg.com/timekeeper-brightpay-integration/,https://www.linkedin.com/company/brightsg,https://x.com/BrightUKIre,https://www.facebook.com/brightsoftwaregroup1,"HR, Practice & Project Management","Practice Management, HR & People","Practice Management, HR & Leadership","Accountants in Practice, Accountants in Industry/Business","TimeKeeper by Bright is a cloud time and attendance platform that captures employee hours in real time via mobile, kiosk, and facial-recognition clock-ins. Its BrightPay integration sends approved timesheets into payroll, cutting manual entry, reducing errors, and ensuring accurate pay for variable-hour workforces while maintaining a seamless end-to-end workforce-to-payslip workflow.",https://divcommanual.com/acx-fds/exhibitor-listing/timekeeper-by-bright/,https://divcommanual.com/acx-fds/wp-content/uploads/sites/6/2026/02/4.png,300,FALSE
Accountex,Tipalti Europe,1034,Standard Show Guide Entry,Accountex London,United Kingdom (UK),https://tipalti.com/en-eu/,https://www.linkedin.com/company/tipalti/,https://twitter.com/tipalti,https://www.facebook.com/Tipalti/,"Accounting Software, Accounts Payable / Accounts Receivable, AI & Automation, AML - Anti Money Laundering, Banking Services / Open Banking / Payment / FX Budgeting","Bookkeeping, AI & Automation, AML/KYC, Banking & Payments","Banking & Payments, AI & Automation, Bookkeeping, AML/KYC",Accountants in Industry/Business,"Tipalti is a holistic finance automation platform built for mid-market and high-growth businesses. From accounts payable automation and procurement to global payments across 200+ countries in 120 currencies, Tipalti eliminates up to 80% of manual AP workload. With a European Electronic Money Institution licence and offices in London and Amsterdam Tipalti empowers finance teams to scale confidently",https://divcommanual.com/acx-fds/exhibitor-listing/tipalti-europe/,https://divcommanual.com/acx-fds/wp-content/uploads/sites/6/2026/04/Tipalti-logo-150x50-Navy.png,1200,FALSE
Accountex,Tolley,580,Standard Show Guide Entry,Accountex London,United Kingdom (UK),https://www.tolley.co.uk,https://uk.linkedin.com/showcase/tolley-tax/,https://x.com/TolleyTax,https://www.facebook.com/tolleyexamtraining/,"AI & Automation, Education & Qualifications, Magazines & Publishing, Tax, VAT","AI & Automation, Tax & MTD, HR & People, Marketing & Growth","Marketing & Growth, AI & Automation, HR & Leadership, Tax & MTD","Accountants in Practice, Accountants in Industry/Business, Bookkeepers","Tolley is the trusted authority in tax and accountancy, supporting professionals across the UK and Ireland. We continually innovate our products and solutions to keep pace with an evolving regulatory landscape. Combining research and guidance with AI-powered tools, workflows, magazines, CPD and exam training, we help tax, accounting and finance professionals work efficiently and stay compliant.",https://divcommanual.com/acx-fds/exhibitor-listing/tolley/,https://divcommanual.com/acx-fds/wp-content/uploads/sites/6/2026/02/Untitled-design-10.png,0,FALSE
Accountex,Trullion,1570,Standard Show Guide Entry,Accountex London,United States (US),https://trullion.com,https://www.linkedin.com/company/trullion/,,,"Accounting Software, AI & Automation, Audit","Bookkeeping, AI & Automation","AI & Automation, Bookkeeping","Accountants in Practice, Accountants in Industry/Business","Trullion operates in a document-heavy, risk-sensitive world of accounting and audit, where manual processes and fragmented tools create risk and inefficiency. We support teams managing complex workflows across accounting, revenue, and audit readiness. Our unified AI platform transforms source documents into validated data, embedding Auditable AI into workflows so teams move faster with confidence.",https://divcommanual.com/acx-fds/exhibitor-listing/trullion/,https://divcommanual.com/acx-fds/wp-content/uploads/sites/6/2026/01/T_logo_green-2.png,200,FALSE
Accountex,Unipaas,1274,Standard Show Guide Entry,Accountex London,United Kingdom (UK),https://www.unipaas.com/,https://il.linkedin.com/company/unipaas,,,"Accounts Payable / Accounts Receivable, AI & Automation, Banking Services / Open Banking / Payment / FX Budgeting, Payment Process Services","Bookkeeping, AI & Automation, Banking & Payments","Banking & Payments, AI & Automation, Bookkeeping",Accountants in Industry/Business,"Unipaas enables platforms to quickly monetise payments, unlock new revenue streams, and deliver an AI-optimised payment experience customers love.",https://divcommanual.com/acx-fds/exhibitor-listing/unipaas/,https://divcommanual.com/acx-fds/wp-content/uploads/sites/6/2026/01/Logo.png,45,FALSE
Accountex,Unleashed Software,960,Standard Show Guide Entry,Accountex London,United Kingdom (UK),https://www.unleashedsoftware.com,https://www.linkedin.com/company/unleashed-software/,https://x.com/unleashedteam,https://www.facebook.com/UnleashedSoftware,"AI & Automation, Analytics & Reporting, Cash Flow Forecasting, CRM, IT Solutions","Bookkeeping, AI & Automation, CRM & Comms, Data & Analytics","Data & Analytics, AI & Automation, Bookkeeping, Marketing & Growth","Accountants in Practice, Accountants in Industry/Business, Bookkeepers","Unleashed helps accountants and product businesses bring clarity to inventory, purchasing, production and sales. For Accountex attendees supporting stock-holding clients, we make it easier to connect inventory with accounting, improve cash flow visibility, reduce manual work and support better business decisions. With real-time data and practical automation, Unleashed helps advisors add more value",https://divcommanual.com/acx-fds/exhibitor-listing/unleashed-software/,https://divcommanual.com/acx-fds/wp-content/uploads/sites/6/2026/03/Untitled-design-1.png,71,FALSE
Accountex,Valid Value - Business Valuation Software,1501,Standard Show Guide Entry,Accountex London,Netherlands,https://validvalue.com/,https://www.linkedin.com/company/valid-value-b.v./,,,"Accounting Software, Cash Flow Forecasting, Consulting & Business Services, Corporate Finance / Mergers & Acquisitions, IT Solutions","Bookkeeping, Banking & Payments","Banking & Payments, Bookkeeping","Accountants in Practice, Accountants in Industry/Business, Bookkeepers, Other",Valid Value offers professional business valuation software for valuation professionals. Our advanced Excel models improve efficiency and reduce risks in both the valuation and reporting process.,https://divcommanual.com/acx-fds/exhibitor-listing/valid-value-business-valuation-software/,https://divcommanual.com/acx-fds/wp-content/uploads/sites/6/2026/02/Logo-VV-met-PVT-450pxl.png,3,FALSE
Accountex,Valutico Business Valuation Software,1450,Standard Show Guide Entry,Accountex London,United Kingdom (UK),https://valutico.com,https://www.linkedin.com/company/valutico/,,https://www.facebook.com/valutico,"Accounting Software, Consulting & Business Services, Corporate Finance / Mergers & Acquisitions, IT Solutions","Bookkeeping, Banking & Payments","Banking & Payments, Bookkeeping",Accountants in Practice,"Valutico is the UK's leading AI-powered business valuation platform, designed to help accountants deliver accurate, defensible valuations with speed and confidence. The platform's all-in-one toolkit streamlines the valuation process - enabling practitioners to produce robust analyses in minutes, supported by reliable private company and SME data and transparent methodologies.",https://divcommanual.com/acx-fds/exhibitor-listing/valutico-business-valuation-software/,https://divcommanual.com/acx-fds/wp-content/uploads/sites/6/2026/02/Valutico-Logo-Colour-450px.png,77,FALSE
Accountex,VAT IT,1375,Standard Show Guide Entry,Accountex London,United Kingdom (UK),https://vatit.com/,https://www.linkedin.com/company/vatit/,,https://www.facebook.com/share/1HAPLCoLtd/?mibextid=wwXIfr,"Accounting Software, Accounts Payable / Accounts Receivable, Tax, VAT","Bookkeeping, Tax & MTD","Bookkeeping, Tax & MTD","Accountants in Practice, Accountants in Industry/Business","We're the global leader in VAT solutions, providing a single partner for reclaim, compliance, and e-invoicing. For over 20 years, we've helped businesses turn indirect tax into a strategic advantage. With secure, innovative technology and expert teams, we simplify compliance and keep you ahead as regulations evolve.",https://divcommanual.com/acx-fds/exhibitor-listing/vat-it/,https://divcommanual.com/acx-fds/wp-content/uploads/sites/6/2026/01/VAT-IT-RGB.png,1000,FALSE
Accountex,Veritas,1084,Standard Show Guide Entry,Accountex London,United Kingdom (UK),https://veritas-tec.com,https://www.linkedin.com/company/veritas-tec/?viewAsMember=true,,,"Accounts Payable / Accounts Receivable, AI & Automation, Data Entry / OCR (Optical Character Recognition), Document Management, IT Solutions","Bookkeeping, AI & Automation, Document Management, Doc Automation","Document Management, AI & Automation, Data & Analytics, Bookkeeping","Accountants in Practice, Accountants in Industry/Business, Bookkeepers","Veritas delivers tailored telecoms, connectivity, cloud and IT solutions designed around your business. We combine expertise with a genuinely hands-on approach, working closely with our clients to go above and beyond expectations. Reliable, responsive, and results driven, we ensure you stay connected, supported and ready for whatever comes next.",https://divcommanual.com/acx-fds/exhibitor-listing/veritas/,https://divcommanual.com/acx-fds/wp-content/uploads/sites/6/2026/04/Untitled-41.png,24,FALSE
Accountex,Vertex Inc.,1925,Standard Show Guide Entry,Accountex London,United Kingdom (UK),,https://www.linkedin.com/company/vertex-inc./,https://x.com/vertexinc?lang=en,https://www.facebook.com/vertexinc1/?locale=en_GB,"Accounts Payable / Accounts Receivable, AI & Automation, VAT","Bookkeeping, AI & Automation, Tax & MTD","AI & Automation, Bookkeeping, Tax & MTD",,"Vertex, Inc. is a leading global provider of indirect tax software and solutions. The company's mission is to deliver the most trusted tax technology enabling global businesses to transact, comply and grow with confidence. Vertex provides solutions that can be tailored to specific industries for every major line of indirect tax, including sales and consumer use, value added and payroll.",https://divcommanual.com/acx-fds/exhibitor-listing/vertex-inc/,https://divcommanual.com/acx-fds/wp-content/uploads/sites/6/2026/01/Vertex-company-logo-1.jpg,1900,FALSE
Accountex,VFD Pro,1960,Standard Show Guide Entry,Accountex London,United Kingdom (UK),https://www.vfd.academy,https://www.linkedin.com/company/vfdpro/,https://x.com/VFDPro,https://www.facebook.com/VirtualFinanceDirector/,"AI & Automation, Analytics & Reporting, Cash Flow Forecasting, Consulting & Business Services, Corporate Finance / Mergers & Acquisitions","Bookkeeping, AI & Automation, Data & Analytics, Banking & Payments","Banking & Payments, Data & Analytics, AI & Automation, Bookkeeping","Accountants in Practice, Accountants in Industry/Business, Bookkeepers, Other","Unlock fully automated insights with AI-driven financial reports, business valuations, and exit planning. Use a structured financial framework (CAAM) to identify opportunities, improve performance, and support better decisions from growth through to exit.",https://divcommanual.com/acx-fds/exhibitor-listing/vfd-pro/,https://divcommanual.com/acx-fds/wp-content/uploads/sites/6/2026/03/VFD-Pro-Accountex-2026.png,11,FALSE
Accountex,Visa,720,Standard Show Guide Entry,Accountex London,United Kingdom (UK),https://www.visa.co.uk/,,,,"Accounts Payable / Accounts Receivable, AI & Automation, Banking Services / Open Banking / Payment / FX Budgeting, Expense Management, Payment Process Services","Bookkeeping, AI & Automation, Expenses, Banking & Payments","Banking & Payments, AI & Automation, Bookkeeping, Other","Accountants in Practice, Accountants in Industry/Business, Bookkeepers","Visa is a global payments technology company enabling digital transactions between consumers, businesses, financial institutions, and governments. Operating in more than 200 countries and territories, Visa connects the world through secure, reliable payment networks that power commerce across cards, mobile, and real-time payments.",https://divcommanual.com/acx-fds/exhibitor-listing/visa/,https://divcommanual.com/acx-fds/wp-content/uploads/sites/6/2026/02/Adobe-Express-file-1.png,0,FALSE
Accountex,VSiD Verify,1751,Standard Show Guide Entry,Accountex London,United Kingdom (UK),https://vsid.com,https://www.linkedin.com/company/11409560,,,"Accounting Software, AI & Automation, AML - Anti Money Laundering, Document Management, IT Solutions","Bookkeeping, AI & Automation, Document Management, AML/KYC","Document Management, AI & Automation, Bookkeeping, AML/KYC","Accountants in Practice, Accountants in Industry/Business","VSiD Verify helps accountants complete identity, AML, KYC, KYB and Due Diligence checks on clients and businesses faster, helping prevent fraud and reduce the risk of non-compliance. Our OneConnect platform, with its AI driven digital onboarding technology incorporates ID and eSignature verification with ongoing PEPs, sanctions and fraud monitoring, integrating seamlessly with your workflow.",https://divcommanual.com/acx-fds/exhibitor-listing/vsid-verify/,https://divcommanual.com/acx-fds/wp-content/uploads/sites/6/2026/04/VSiD_Verify_RGB-Small.png,12,FALSE
Accountex,White Bull Solutions LLP,1775,Standard Show Guide Entry,Accountex London,India,https://www.white-bull.uk/,https://www.linkedin.com/company/whilte-bull/,,,"Accounts Payable / Accounts Receivable, Outsourcing / Offshoring, Payroll, Tax, VAT","Bookkeeping, Tax & MTD, Payroll, Outsourcing","Bookkeeping, Outsourcing, Tax & MTD, Payroll","Accountants in Practice, Bookkeepers","White Bull provides dedicated offshore accounting staff to UK accountancy practices. Our team supports bookkeeping, accounts preparation, VAT, tax compliance and payroll while working directly inside your firm's systems. Firms use White Bull to increase delivery capacity without increasing internal headcount.",https://divcommanual.com/acx-fds/exhibitor-listing/white-bull-solutions-llp/,https://divcommanual.com/acx-fds/wp-content/uploads/sites/6/2026/03/White-Bull-Logo-450px-1.png,3,FALSE
Accountex,White Rose Finance Group,365,Standard Show Guide Entry,Accountex London,United Kingdom (UK),http://www.whiterosefinance.com,https://www.linkedin.com/company/white-rose-finance,https://x.com/wrfinance,https://www.facebook.com/whiterosefinanceuk/,"Consulting & Business Services, Corporate Finance / Mergers & Acquisitions, Education & Qualifications, Recruitment & Training, Sales & Marketing","HR & People, Banking & Payments, Marketing & Growth","Banking & Payments, Marketing & Growth, HR & Leadership","Accountants in Practice, Accountants in Industry/Business, Bookkeepers","White Rose Finance is an experienced commercial and residential finance brokerage, supporting clients with solutions ranging from working capital to commercial property finance. We also operate a nationwide network of Appointed Representatives, providing LIBF""'accredited training and ongoing support to help brokers grow successful practices.",https://divcommanual.com/acx-fds/exhibitor-listing/white-rose-finance-group/,https://divcommanual.com/acx-fds/wp-content/uploads/sites/6/2026/01/Untitled-design-1.png,27,FALSE
Accountex,Willow Pay Ltd,1454,Standard Show Guide Entry,Accountex London,United Kingdom (UK),https://www.willowpay.co.uk,https://www.linkedin.com/company/willow-pay-ltd/,,,"Auto Enrolment & Pensions, Payment Process Services, Payroll","Payroll, Banking & Payments","Banking & Payments, Payroll","Accountants in Practice, Accountants in Industry/Business, Bookkeepers, Other","With over 30 years' experience, Willow Pay provides payroll processing services on behalf of accountants and bookkeepers as well as direct companies. We place client support at the heart of our business and pride ourselves on our specialist knowledge, commitment to accuracy and our highly personalised service. We offer a cloud based portal, auto enrolment services and salary & HMRC payments.",https://divcommanual.com/acx-fds/exhibitor-listing/willow-pay-ltd/,https://divcommanual.com/acx-fds/wp-content/uploads/sites/6/2026/01/Willow-Pay.jpg,4,FALSE
Accountex,Wolters Kluwer Tax & Accounting UK,1760,Standard Show Guide Entry,Accountex London,United Kingdom (UK),https://www.wolterskluwer.co.uk,https://www.linkedin.com/company/wolterskluweruk/,https://twitter.com/wolterskluweruk,https://www.facebook.com/wolterskluwertaauk/,"Accounting Software, AI & Automation, AML - Anti Money Laundering, MTD, Tax","Bookkeeping, AI & Automation, Tax & MTD, AML/KYC","AI & Automation, Bookkeeping, Tax & MTD, AML/KYC","Accountants in Practice, Accountants in Industry/Business","Wolters Kluwer has supported accounting practices of all sizes since 1968. As a trusted software partner, we offer solutions for every stage of your digital journey. CCH Central delivers end-to-end accounting software, while CCH iFirm, including CCH iFirm MTD for Income Tax and CCH iFirm AML, enables you to reimagine your practice in the cloud.",https://divcommanual.com/acx-fds/exhibitor-listing/wolters-kluwer-tax-accounting-uk/,https://divcommanual.com/acx-fds/wp-content/uploads/sites/6/2026/02/Untitled-design-5-1.png,490,FALSE
Accountex,Workiro,1144,Standard Show Guide Entry,Accountex London,United Kingdom (UK),https://www.workiro.com,https://www.linkedin.com/company/workirohq,,,"AI & Automation, Data Entry / OCR (Optical Character Recognition), Document Management","AI & Automation, Document Management, Doc Automation","Document Management, AI & Automation, Data & Analytics","Accountants in Practice, Accountants in Industry/Business, Bookkeepers","Workiro is document management built for accountants. It gives firms greater traceability, control and confidence across every client interaction. Documents, emails, eSignatures and collaboration live in one secure system of record, fully integrated with tools like TaxCalc, IRIS, CCH, Digita, Xero and Microsoft 365 - helping teams work faster, stay organised, and scale without losing oversight.",https://divcommanual.com/acx-fds/exhibitor-listing/workiro/,https://divcommanual.com/acx-fds/wp-content/uploads/sites/6/2026/01/Workiro-Virtual-Cabinet-2.0.png,18,FALSE
Accountex,XBert,594,Standard Show Guide Entry,Accountex London,United Kingdom (UK),https://www.xbert.io/,https://www.linkedin.com/company/xbert/posts/?feedView=all,https://twitter.com/xbertapp,https://www.facebook.com/XBertapp,"AI & Automation, Analytics & Reporting, Data Entry / OCR (Optical Character Recognition), Practice & Project Management","Practice Management, AI & Automation, Doc Automation, Data & Analytics","Practice Management, Data & Analytics, AI & Automation","Accountants in Practice, Accountants in Industry/Business, Bookkeepers","XBerts are AI and machine learning audit processes automatically run in the background on your clients Xero, Quickbooks or FreeAgent data checking everything from business registration to unusual billing behaviour. If our nearly 50 built-in XBert's aren't enough, you can now create your own with a prompt. Then to top it off you can run workflow, time tracking and capacity planning from XBert!",https://divcommanual.com/acx-fds/exhibitor-listing/xbert/,https://divcommanual.com/acx-fds/wp-content/uploads/sites/6/2026/02/Accountex-Logo.png,17,FALSE
Accountex,Xenon Connect,390,Standard Show Guide Entry,Accountex London,United Kingdom (UK),https://www.xenonconnect.com/,https://www.linkedin.com/company/xenonconnect/,,,"Accounting Software, AI & Automation, Analytics & Reporting, Practice & Project Management, VAT","Bookkeeping, Practice Management, AI & Automation, Tax & MTD, Data & Analytics","Practice Management, Data & Analytics, AI & Automation, Bookkeeping, Tax & MTD","Accountants in Practice, Bookkeepers","Xenon Connect syncs with your bookkeeping software, automatically highlighting transactions that require your attention, enabling you to push back corrections in 1 click. Now with Xenon Systemise - VAT, Bookkeeping & Managmeent Accounting workflows that have bookkeeping data and health checks embedded.",https://divcommanual.com/acx-fds/exhibitor-listing/xenon-connect/,https://divcommanual.com/acx-fds/wp-content/uploads/sites/6/2026/02/logo-square.png,0,FALSE
Accountex,Xero,940,Standard Show Guide Entry,Accountex London,United Kingdom (UK),https://www.xero.com/uk,https://www.linkedin.com/company/xero/posts/?feedView=all,https://x.com/xero/,https://www.facebook.com/xero,"Accounting Software, AI & Automation, Analytics & Reporting, MTD, Tax","Bookkeeping, AI & Automation, Tax & MTD, Data & Analytics","Data & Analytics, AI & Automation, Bookkeeping, Tax & MTD","Accountants in Practice, Accountants in Industry/Business, Bookkeepers","Xero is small business accounting software that helps businesses keep accurate numbers and run with confidence. HMRC-recognised and trusted by millions, Xero brings together accounting, payroll, payments, and powerful apps into one intuitive platform, reducing manual admin and delivering clear insights for advisors supporting their clients.",https://divcommanual.com/acx-fds/exhibitor-listing/xero/,https://divcommanual.com/acx-fds/wp-content/uploads/sites/6/2026/01/logo_450x450.png,4400,FALSE
Accountex,Xledger UK,1240,Standard Show Guide Entry,Accountex London,United Kingdom (UK),https://xledger.com/uk/,https://www.linkedin.com/company/xledger-uk/,,,"Accounting Software, Accounts Payable / Accounts Receivable, AI & Automation, Analytics & Reporting, Expense Management","Bookkeeping, AI & Automation, Data & Analytics, Expenses","Data & Analytics, AI & Automation, Bookkeeping, Other","Accountants in Practice, Accountants in Industry/Business","At Xledger, we equip +10,000 customers in 60+ countries, and our global partner network, with powerful, configurable accounting software for the mid-market. Combining real accounting expertise with over two decades of automated, insightful, and scalable financial management experience, we empower finance teams and practices to deliver efficient operations, deeper insight, and long""'term success.",https://divcommanual.com/acx-fds/exhibitor-listing/xledger-uk/,https://divcommanual.com/acx-fds/wp-content/uploads/sites/6/2026/02/Untitled-design-1.png,250,FALSE
Accountex,XU Magazine,510,Standard Show Guide Entry,Accountex London,United Kingdom (UK),https://xumagazine.com/,https://www.linkedin.com/company/5009647/admin/dashboard/,https://x.com/xumagazine,https://www.facebook.com/xumagazine,No products listed,Marketing & Growth,Marketing & Growth,Marketing & Growth,"XU is a global independent biweekly newspaper and quarterly magazine serving the accounting, bookkeeping and fintech communities. Both are available to read free of charge on the XU Hub, your daily source for news across the accounting and fintech ecosystem. The majority of our content is CPD certified, meaning you can earn free CPD while you read. Sign up today, completely free.",https://divcommanual.com/acx-fds/exhibitor-listing/xu-magazine/,https://divcommanual.com/acx-fds/wp-content/uploads/sites/6/2026/02/XU-logo.jpg,7,FALSE
Accountex,Yempo Solutions,461,Standard Show Guide Entry,Accountex London,United Kingdom (UK),https://www.yempo-solutions.com/,https://www.linkedin.com/company/yempo/,,https://www.facebook.com/yemposolutions/,Outsourcing / Offshoring,Outsourcing,Outsourcing,"Accountants in Practice, Accountants in Industry/Business, Bookkeepers","Yempo Solutions is the specialist provider of outsourced, Philippines-based accounting, finance, and IT professionals to clients in the UK, Australia, US, Canada, New Zealand, Hong Kong, and Japan.",https://divcommanual.com/acx-fds/exhibitor-listing/yempo-solutions/,https://divcommanual.com/acx-fds/wp-content/uploads/sites/6/2026/02/Yempo-Logo_Landscape-White-BG.png,320,FALSE
Accountex,Zahara,1874,Standard Show Guide Entry,Accountex London,United Kingdom (UK),https://www.zaharasoftware.com/,https://www.linkedin.com/company/zaharasoftware,,,"Accounts Payable / Accounts Receivable, AI & Automation, Analytics & Reporting, Data Entry / OCR (Optical Character Recognition), Expense Management","Bookkeeping, AI & Automation, Doc Automation, Data & Analytics, Expenses","Data & Analytics, AI & Automation, Bookkeeping, Other",Other,"Zahara is an all-in-one spend management system that gives you control and transparency over your accounts payable process. Everything starts in one place, with controlled budgets, routed approvals, and real-time visibility, so everyone can see what's been approved and why. OCR and AI handle invoices so you never need to key one again, syncing with Xero, Sage, QuickBooks, and Business Central",https://divcommanual.com/acx-fds/exhibitor-listing/zahara/,https://divcommanual.com/acx-fds/wp-content/uploads/sites/6/2026/04/logo-1.png,42,FALSE
Accountex,Zeal Tax,1372,Standard Show Guide Entry,Accountex London,United Kingdom (UK),https://gozeal.co.uk/,https://www.linkedin.com/company/go-zeal/,,https://www.facebook.com/ZealTax,"Capital Allowances, Consulting & Business Services, Tax",Tax & MTD,Tax & MTD,"Accountants in Industry/Business, Bookkeepers","Zeal are Chartered Tax Advisors. Zeal specialises in claiming Capital Allowances on embedded fixtures within commercial and short-term let properties, a tax relief that is often misunderstood and underclaimed by accountants. Our in-house team of tax specialists and quantity surveyors enables Zeal to provide a complete capital allowances service to our clients and accountant partners.",https://divcommanual.com/acx-fds/exhibitor-listing/zeal-tax/,https://divcommanual.com/acx-fds/wp-content/uploads/sites/6/2026/04/Zeal-Social-2.png,34,FALSE
Accountex,Zoho Corporation,1024,Standard Show Guide Entry,Accountex London,United Kingdom (UK),https://www.zoho.com/,https://www.linkedin.com/company/zohocorp,https://twitter.com/Zoho,https://www.facebook.com/zoho/,"Accounting Software, Analytics & Reporting, MTD","Bookkeeping, Tax & MTD, Data & Analytics","Data & Analytics, Bookkeeping, Tax & MTD",,"With 55+ apps in nearly every major business category, including sales, marketing, customer support, BI and analytics, accounting and back office operations, productivity and collaboration, Zoho Corporation is one of the world's most prolific software companies serving customers from small businesses to large corporations.",https://divcommanual.com/acx-fds/exhibitor-listing/zoho-corporation/,https://divcommanual.com/acx-fds/wp-content/uploads/sites/6/2026/01/Small-Logo.png,0,FALSE
FD Show,AAT 224,224,Standard Show Guide Entry,FD Show,,,,,,,,Other,,,https://divcommanual.com/acx-fds/exhibitor-listing/aat-224/,https://divcommanual.com/wp-content/uploads/sites/4/2024/08/Profile_avatar_placeholder.png,0,FALSE
FD Show,Accounts Payable Association,241,Standard Show Guide Entry,FD Show,United Kingdom (UK),https://ap-association.com/,https://www.linkedin.com/company/accounts-payable-association/,,https://www.facebook.com/AccountsPayableAssociation,"Association / Professional Body, Education & Qualifications",HR & People,HR & Leadership,Other,"The Accounts Payable Association supports professionals & organisations across the AP industry. We offer membership, training & recognised qualifications to build knowledge & advance careers. Our welcoming community connects AP professionals through educational networking events throughout the year, including Europe's largest AP Conference & a prestigious Awards Gala Dinner celebrating excellence.",https://divcommanual.com/acx-fds/exhibitor-listing/accounts-payable-association/,https://divcommanual.com/acx-fds/wp-content/uploads/sites/6/2026/03/APA-Logo.png,97,FALSE
FD Show,ADP,410,Standard Show Guide Entry,FD Show,United Kingdom (UK),https://uk.adp.com/who-we-serve/by-business-size/200-999-employees.aspx,https://www.linkedin.com/company/adp/posts/?feedView=all,,,"AML - Anti Money Laundering, Auto Enrolment & Pensions, HR, Outsourcing / Offshoring, Payroll","Payroll, AML/KYC, HR & People, Outsourcing","HR & Leadership, Outsourcing, AML/KYC, Payroll","Accountants in Industry/Business, Other","The industry leading payroll and HR solution for UK SMEs. Streamline payroll, reduce errors, and meet HMRC deadlines with ease. Add employees, run payroll, access clear reporting, and manage all employee data from one dashboard. Benefit from tax filing support and self-service for staff via web or mobile. Focus on growth while we handle payroll. Learn more: ADP(R) iHCM | Payroll outsourcing",https://divcommanual.com/acx-fds/exhibitor-listing/adp/,https://divcommanual.com/acx-fds/wp-content/uploads/sites/6/2026/03/CREATIVE-1.png,0,FALSE
FD Show,Association of Chartered Certified Accountants,235,Standard Show Guide Entry,FD Show,United Kingdom (UK),,,,,Association / Professional Body,HR & People,HR & Leadership,"Accountants in Practice, Accountants in Industry/Business","We are ACCA (the Association of Chartered Certified Accountants), the only truly global professional accountancy body. Since we were founded in 1904, we've been breaking down barriers to the accountancy profession. Today we proudly support a diverse community of over 257,900 members and 530,100 future members in 180 countries.",https://divcommanual.com/acx-fds/exhibitor-listing/association-of-chartered-certified-accountants-1/,https://divcommanual.com/acx-fds/wp-content/uploads/sites/6/2026/02/image-9.png,11,FALSE
FD Show,Bluechain,130,Standard Show Guide Entry,FD Show,United Kingdom (UK),https://www.bluechain.com/,https://www.linkedin.com/company/bluechain/,,https://www.facebook.com/paybybluechain/,"Accounts Payable / Accounts Receivable, AI & Automation, E-Invoicing, IT Solutions, O2C - Order-To-Cash","Bookkeeping, AI & Automation, Banking & Payments","Banking & Payments, AI & Automation, Bookkeeping","Accountants in Practice, Accountants in Industry/Business, Bookkeepers","Bluechain brings payables and receivables into one simple workflow. Pay suppliers by card, even where cards aren't accepted, and give customers the option to pay by card without you absorbing processing costs. Card and bank payments, automatically reconciled into your accounting software.",https://divcommanual.com/acx-fds/exhibitor-listing/bluechain/,https://divcommanual.com/acx-fds/wp-content/uploads/sites/6/2026/02/Bluechain-Logo-Colour-450x450-copy.jpg,10,FALSE
FD Show,CA Financial Appointments,141,Standard Show Guide Entry,FD Show,South Africa,https://www.ca.co.za,https://www.linkedin.com/company/cafinancialappointments/,https://x.com/CArecruitment,https://www.facebook.com/cafinancialapps,"Outsourcing / Offshoring, Payroll, Recruitment & Training","Payroll, HR & People, Outsourcing","HR & Leadership, Outsourcing, Payroll","Accountants in Practice, Accountants in Industry/Business","Largest and most established specalist financial recruiter in Cape Town, South Africa. We are perfectly positioned to scale up your team with South African talent that matches UK qualification and culture, at half the cost. Common shareholding with the largest Employer of Record company in Africa gives us the expertise to handle all your EoR needs.",https://divcommanual.com/acx-fds/exhibitor-listing/ca-financial-appointments/,https://divcommanual.com/acx-fds/wp-content/uploads/sites/6/2026/03/CA-Logo_Final_250x62px.jpg,40,FALSE
FD Show,Charted,245,Standard Show Guide Entry,FD Show,United Kingdom (UK),https://charted.com/,https://www.linkedin.com/company/10469462/,,,"Accounts Payable / Accounts Receivable, AI & Automation, E-Invoicing, ERP","Bookkeeping, AI & Automation, Banking & Payments","Banking & Payments, AI & Automation, Bookkeeping",Accountants in Industry/Business,"Charted clears the path for finance teams with AP Automation solutions built directly in NetSuite, providing real-time clarity on every vendor, invoice and approval. Eliminate manual data entry with AI-powered automation designed to accelerate month-end close. Enable complex approvals and global, multi-entity workflows.",https://divcommanual.com/acx-fds/exhibitor-listing/charted/,https://divcommanual.com/acx-fds/wp-content/uploads/sites/6/2026/03/Charted-logo-450x450-whitebox-actual.png,75,FALSE
FD Show,Charterpath - Official Charity Partner,434,Standard Show Guide Entry,FD Show,United Kingdom (UK),https://www.charterpath.org.uk,https://www.linkedin.com/Charterpath,,,"Association / Professional Body, Charity / Not for Profit, Education & Qualifications, HR, Recruitment & Training",HR & People,HR & Leadership,"Accountants in Practice, Accountants in Industry/Business, Bookkeepers","Charterpath is a small charity with big ambitions: to increase the proportion of finance professionals volunteering from 10% to 50%, helping charities across the UK to maximise their impact. Charterpath is a community of 3,000 + volunteers contributing 40,000+ pro bono hours to the sector. Join us at www.charterpath.org.uk for events, training, volunteer opportunities and more.",https://divcommanual.com/acx-fds/exhibitor-listing/charterpath-official-charity-partner/,https://divcommanual.com/acx-fds/wp-content/uploads/sites/6/2026/02/Profile-mark.jpg,15,FALSE
FD Show,CIMA,341,Standard Show Guide Entry,FD Show,United Kingdom (UK),https://www.aicpa-cima.com,https://www.linkedin.com/company/cima-uk-and-ireland/,https://x.com/CIMA_News,https://https://www.facebook.com/CIMAglobal,Association / Professional Body,HR & People,HR & Leadership,"Accountants in Practice, Accountants in Industry/Business, Bookkeepers","Founded in 1919, The Chartered Institute of Management Accountants(R) (CIMA(R)) is the world's leading and largest professional body of management accountants. Its members and candidates operate in more than 150 countries and territories, working at the heart of business - in industry, commerce, the public sector, and not-for-profit organisations.",https://divcommanual.com/acx-fds/exhibitor-listing/cima/,https://divcommanual.com/acx-fds/wp-content/uploads/sites/6/2026/03/image.png,1200,FALSE
FD Show,Cooper Parry Digital,325,Standard Show Guide Entry,FD Show,United Kingdom (UK),https://www.cooperparry.com/services/digital/,https://www.linkedin.com/showcase/cooper-parry-digital/,https://x.com/Cooper_Parry,https://www.facebook.com/cooperparrynextgen/,"AI & Automation, Analytics & Reporting, Corporate Finance / Mergers & Acquisitions, CRM, ERP","Bookkeeping, AI & Automation, CRM & Comms, Data & Analytics, Banking & Payments","Banking & Payments, Data & Analytics, AI & Automation, Bookkeeping, Marketing & Growth","Accountants in Industry/Business, Other","CP Digital is the UK's largest NetSuite alliance partner. We help growing and PE-backed businesses scale through rapid implementations, smart optimisation and ongoing managed support. Our finance-led consultants connect technology and insight to build resilient, data-driven back offices for complex growth across multiple industries and international operations.",https://divcommanual.com/acx-fds/exhibitor-listing/cooper-parry-digital/,https://divcommanual.com/acx-fds/wp-content/uploads/sites/6/2026/04/cooper-parry-digital-logo-low-res.png,1400,FALSE
FD Show,Corpay Complete - That's time well spent,244,Standard Show Guide Entry,FD Show,United Kingdom (UK),https://www.corpay.com,https://www.linkedin.com/showcase/corpay-uk/,,,"Accounts Payable / Accounts Receivable, Analytics & Reporting, Banking Services / Open Banking / Payment / FX Budgeting, Expense Management, Spend Management","Bookkeeping, Data & Analytics, Expenses, Banking & Payments","Banking & Payments, Data & Analytics, Bookkeeping, Other",Accountants in Industry/Business,"Corpay Complete helps finance teams modernise spend management, reduce manual work and free up time for strategic priorities. Integrating with existing ERP systems, it brings payments, corporate cards, AP automation, expenses, supplier management and international payments into one secure platform, giving finance teams more time to analyse forecast and support growth. That's time well spent.",https://divcommanual.com/acx-fds/exhibitor-listing/corpay-complete-thats-time-well-spent/,https://divcommanual.com/acx-fds/wp-content/uploads/sites/6/2026/03/Corpay-logo-black-RGB-450px.png,0,FALSE
FD Show,Crescit Pay,210,Standard Show Guide Entry,FD Show,United Kingdom (UK),https://www.CrescitPay.com,,,,"Accounts Payable / Accounts Receivable, AI & Automation, Analytics & Reporting, Banking Services / Open Banking / Payment / FX Budgeting, Treasury financial management","Bookkeeping, AI & Automation, Data & Analytics, Banking & Payments","Banking & Payments, Data & Analytics, AI & Automation, Bookkeeping","Accountants in Industry/Business, Other","CrescitPay uses AI to identify, quantify and neutralise foreign exchange exposure before it costs you - automating the complete FX treasury workflow from exposure discovery and pipeline forecasting, through hedge execution, to IFRS 9 and FRS 102 compliance, EMIR reporting, and board-ready risk analytics. One platform, end to end.",https://divcommanual.com/acx-fds/exhibitor-listing/crescit-pay/,https://divcommanual.com/acx-fds/wp-content/uploads/sites/6/2026/04/crescitpay-logo-square1.png,0,FALSE
FD Show,Crowe,124,Standard Show Guide Entry,FD Show,United Kingdom (UK),https://www.crowe.com/uk/services/consulting/digital-and-alliances,https://www.linkedin.com/company/crowe-uk,,,"Accounts Payable / Accounts Receivable, CRM, ERP, IT Solutions, O2C - Order-To-Cash","Bookkeeping, CRM & Comms, Banking & Payments","Banking & Payments, Bookkeeping, Marketing & Growth","Accountants in Practice, Accountants in Industry/Business, Bookkeepers","Crowe Digital & Alliances helps organisations align technology with business strategy to drive sustainable growth. We advise, implement and support modern finance, ERP and billing platforms across NetSuite, Microsoft, Sage and Xero ecosystems. Our team partners with businesses to deliver end""'to""'end digital transformation with clarity, control and lasting value.",https://divcommanual.com/acx-fds/exhibitor-listing/crowe/,https://divcommanual.com/acx-fds/wp-content/uploads/sites/6/2026/02/Crowe-Logo-PMS130282-for-Microsoft-Office-SM.png,9100,FALSE
FD Show,Cybernet Secure Ltd,501A,Standard Show Guide Entry,FD Show,United Kingdom (UK),https://cybernet-secure.com/,https://www.linkedin.com/company/cybernet-secure-ltd,,,"Cyber Security, IT Solutions",Cyber Security,Cyber Security,"Accountants in Practice, Accountants in Industry/Business, Bookkeepers","At CyberNet Secure, we specialise in safeguarding businesses from the ever-evolving landscape of digital threats. Our mission is simple: to empower enterprises with robust, intelligent, and scalable cybersecurity solutions that protect what matters most-your data, your people, and your reputation",https://divcommanual.com/acx-fds/exhibitor-listing/cybernet-secure-ltd/,https://divcommanual.com/acx-fds/wp-content/uploads/sites/6/2026/04/cybernet-linkedin-profile-logo.jpg,1,FALSE
FD Show,Diligentsia,131,Standard Show Guide Entry,FD Show,United Kingdom (UK),https://diligentsia.co.uk/,https://www.linkedin.com/company/diligentsia-limited,,,"AI & Automation, Analytics & Reporting, Corporate Finance / Mergers & Acquisitions, Funding / Lending, IT Solutions","AI & Automation, Data & Analytics, Banking & Payments","Banking & Payments, Data & Analytics, AI & Automation","Accountants in Practice, Accountants in Industry/Business, Bookkeepers, Other","Diligentsia is the purpose-built AI infrastructure for Fractional CFOs. We automate due diligence, replacing chaotic data rooms with Continuous Corporate Health Monitoring. Stop firefighting manual data and elevate your practice. Secure lucrative retainers by keeping clients perpetually exit-ready, then seamlessly connect your pre-diligenced SMEs to active venture capital using our investorMatch.",https://divcommanual.com/acx-fds/exhibitor-listing/diligentsia/,https://divcommanual.com/acx-fds/wp-content/uploads/sites/6/2026/04/DIligencia-logo.png,6,FALSE
FD Show,DocuWare,320,Standard Show Guide Entry,FD Show,United Kingdom (UK),https://start.docuware.com/en-gb/,https://www.linkedin.com/company/docuware-corporation/posts/?feedView=all,https://twitter.com/Docuware,https://www.facebook.com/Docuware,"Accounts Payable / Accounts Receivable, AI & Automation, ERP","Bookkeeping, AI & Automation","AI & Automation, Bookkeeping","Accountants in Practice, Accountants in Industry/Business","DocuWare is a leading provider of document management and workflow automation solutions. Together with its 800+ strong partner network, DocuWare has helped approximately 22,000 customers across 100+ countries simplify their work through digitising, automating and transforming key processes. DocuWare's corporate headquarters are in Germering, Germany.",https://divcommanual.com/acx-fds/exhibitor-listing/docuware/,https://divcommanual.com/acx-fds/wp-content/uploads/sites/6/2026/03/Resized-logo.jpg,800,FALSE
FD Show,ERGOS Technologies Limited,415,Standard Show Guide Entry,FD Show,United Kingdom (UK),https://www.ergos.uk,https://www.linkedin.com/company/ergos-uk,https://x.com/ERGOS_UK,https://www.facebook.com/ERGOSUK,"AI & Automation, Cyber Security, IT Solutions","AI & Automation, Cyber Security","AI & Automation, Cyber Security","Accountants in Practice, Accountants in Industry/Business, Bookkeepers","ERGOS Technologies Limited is your full-service IT and cybersecurity partner, built on more than 25 years of experience. Founded as IT Genie by Gino Choucair, our mission has always been simple: deliver technology that drives business results. In 2023 we combined the entrepreneurial spirit of IT Genie with the global strength of ERGOS UK - giving our clients a personal, relationship-led service.",https://divcommanual.com/acx-fds/exhibitor-listing/ergos-technologies-limited/,https://divcommanual.com/acx-fds/wp-content/uploads/sites/6/2026/02/ERGOS-450-x-450.png,41,FALSE
FD Show,Fathom,535,Standard Show Guide Entry,FD Show,Australia,https://www.fathomhq.com/,https://www.linkedin.com/company/fathom-applications/,,,"AI & Automation, Analytics & Reporting, Cash Flow Forecasting, FP&A","Bookkeeping, AI & Automation, Data & Analytics","Data & Analytics, AI & Automation, Bookkeeping","Accountants in Practice, Accountants in Industry/Business","Fathom gives accountants and finance leaders the reporting, forecasting, and consolidation tools they need. Get clear insights, accurate forecasts, and AI-powered commentary that makes your numbers make sense. Connects with Xero, QuickBooks, MYOB, and other accounting platforms. Over 100,000 businesses use Fathom to understand performance, forecast confidently, and make smarter decisions every day",https://divcommanual.com/acx-fds/exhibitor-listing/fathom/,https://divcommanual.com/acx-fds/wp-content/uploads/sites/6/2026/04/Fathom-logo-Accountex-listing.png,76,FALSE
FD Show,Fieldguide,311,Standard Show Guide Entry,FD Show,United States (US),https://www.fieldguide.io/,https://www.linkedin.com/company/fieldguide-inc/,https://twitter.com/fieldguide,https://www.facebook.com/fieldguide.io,"AI & Automation, Audit, Tax","AI & Automation, Tax & MTD","AI & Automation, Tax & MTD","Accountants in Practice, Accountants in Industry/Business","Fieldguide is the end-to-end, AI-native platform for audit and advisory. By embedding professional-grade AI agents into firm methodology and real engagement workflows, Fieldguide enables firms to scale capacity, elevate quality, and preserve trust-empowering practitioners to focus on judgment, insight, and client relationships.",https://divcommanual.com/acx-fds/exhibitor-listing/fieldguide/,https://divcommanual.com/acx-fds/wp-content/uploads/sites/6/2026/04/Fieldguide-Primary-LightBG-450px.png,200,FALSE
FD Show,FinQuery,144,Standard Show Guide Entry,FD Show,United States (US),https://www.finquery.com/,https://www.linkedin.com/company/finquery,,,"AI & Automation, Analytics & Reporting, Expense Management","AI & Automation, Data & Analytics, Expenses","Data & Analytics, AI & Automation, Other","Accountants in Practice, Accountants in Industry/Business, Bookkeepers","FinQuery is an AI-enabled, CPA-approved platform simplifying lease accounting compliance (FRS 102, IFRS 16, ASC 842, GASB 87 & 96, and SFFAS 54) and automating prepaid/accrual accounting. Built by accountants, our SaaS solution integrates with your ERP to accelerate month-end close, streamline audits, and enhance internal controls through a centralized system of record for 40,000+ professionals.",https://divcommanual.com/acx-fds/exhibitor-listing/finquery/,https://divcommanual.com/acx-fds/wp-content/uploads/sites/6/2026/02/Untitled-design-29.png,280,FALSE
FD Show,FinTags | Xberra Accounts,345,Standard Show Guide Entry,FD Show,United Kingdom (UK),https://www.fintags.co.uk,https://www.linkedin.com/company/fintags/,http://x.com/fintagsltd,https://www.facebook.com/fintags,"Accounts Payable / Accounts Receivable, AI & Automation, ESG & Sustainability, Tax, VAT","Bookkeeping, AI & Automation, Tax & MTD","AI & Automation, Bookkeeping, Tax & MTD","Accountants in Industry/Business, Bookkeepers, Other","FinTags UK is a leading provider of iXBRL solutions, helping businesses meet regulatory compliance with accuracy and efficiency. The company specialises in financial data tagging, reporting automation, and data standardisation. With a strong focus on quality and innovation, FinTags supports organizations in enhancing transparency, streamlining reporting processes, and enabling better decisions.",https://divcommanual.com/acx-fds/exhibitor-listing/fintags-xberra-accounts/,https://divcommanual.com/acx-fds/wp-content/uploads/sites/6/2026/04/ft-logo-n.png,22,FALSE
FD Show,Fishbowl,565,Standard Show Guide Entry,FD Show,,,,,,,,Other,,,https://divcommanual.com/acx-fds/exhibitor-listing/fishbowl/,https://divcommanual.com/wp-content/uploads/sites/4/2024/08/Profile_avatar_placeholder.png,190,FALSE
FD Show,GenFinance.AI: The GenAI Bar,414,Standard Show Guide Entry,FD Show,United Kingdom (UK),https://www.genfinance.ai,https://www.linkedin.com/company/genfinance-ai,https://x.com/GenFinanceAI,,"AI & Automation, Education & Qualifications, FP&A, IT Solutions, Recruitment & Training","Bookkeeping, AI & Automation, HR & People","AI & Automation, Bookkeeping, HR & Leadership","Accountants in Practice, Accountants in Industry/Business","We help finance teams go from AI-curious to AI-confident by upskilling your people, transforming your processes, and navigating the key CFO decisions that make adoption stick. Founded by chartered accountant Peter Beard ACA BFP, our customers include the ICAEW, Disney, Activision Xbox Studios, and The CFO Centre. Visit The GenAI Bar - come ask us anything about AI/GenAI for your team!",https://divcommanual.com/acx-fds/exhibitor-listing/genfinance-ai-the-genai-bar/,https://divcommanual.com/acx-fds/wp-content/uploads/sites/6/2026/04/GenFinance-Logo-1-1.png,2,FALSE
FD Show,Global Credit Recoveries,130,Standard Show Guide Entry,FD Show,United Kingdom (UK),https://www.globalcreditrecoveries.com,https://www.linkedin.com/company/global-credit-recoveries,,,"Accounts Payable / Accounts Receivable, O2C - Order-To-Cash","Bookkeeping, Banking & Payments","Banking & Payments, Bookkeeping","Accountants in Practice, Accountants in Industry/Business, Other","Global Credit Recoveries is an award-winning, ethical debt recovery agency focused on respect, resolution, and recovery. With people at its core, the business blends commercial expertise with an international network to deliver credit management solutions locally and across borders. It prioritises professionalism, integrity, and positive client relationships while achieving outstanding results.",https://divcommanual.com/acx-fds/exhibitor-listing/global-credit-recoveries/,https://divcommanual.com/acx-fds/wp-content/uploads/sites/6/2026/02/GCR-Logo-White-BG-copy.jpg,17,FALSE
FD Show,Hornblower Business Brokers,226,Standard Show Guide Entry,FD Show,United Kingdom (UK),https://www.hornblower-businesses.co.uk,https://www.linkedin.com/company/hornblower-business-brokers-ltd,,,Corporate Finance / Mergers & Acquisitions,Banking & Payments,Banking & Payments,"Accountants in Practice, Accountants in Industry/Business, Bookkeepers, Other","Sellers of highly desirable SME businesses in the Manufacturing, Engineering, Technology and B2B services and Facilities Management sectors. Typical deal values are GBP750k to GBP15m. We sell businesses across the UK and Ireland with international reach. We offer FD's and accountants free assessments of valuation and saleability for their clients' businesses up to 5 years prior to an intended sale.",https://divcommanual.com/acx-fds/exhibitor-listing/hornblower-business-brokers/,https://divcommanual.com/acx-fds/wp-content/uploads/sites/6/2026/03/HB_Master_V_RGB_440x440.png,8,FALSE
FD Show,Institute of Financial Operations and Leadership,100,Standard Show Guide Entry,FD Show,United Kingdom (UK),https://acarp-edu.org,https://www.linkedin.com/company/ifol,,,"Accounts Payable / Accounts Receivable, Association / Professional Body, Education & Qualifications, O2C - Order-To-Cash, Payroll","Bookkeeping, Payroll, HR & People, Banking & Payments","Banking & Payments, Bookkeeping, HR & Leadership, Payroll","Accountants in Practice, Accountants in Industry/Business, Bookkeepers","The Institute of Financial Operations and Leadership (IFOL) is a global education institute providing training, certification, and professional development for finance operations teams. With over 30,000 members and students in 14+ countries, IFOL supports careers in AP, P2P, AR, O2C, and Payroll through flexible online learning and a thriving professional community.",https://divcommanual.com/acx-fds/exhibitor-listing/institute-of-financial-operations-and-leadership/,https://divcommanual.com/acx-fds/wp-content/uploads/sites/6/2026/03/IFOL-450x450px.png,13,FALSE
FD Show,Laurel,521,Standard Show Guide Entry,FD Show,United Kingdom (UK),https://www.laurel.ai/,https://www.linkedin.com/company/laurel-ai/,https://twitter.com/getlaurel,,"AI & Automation, Analytics & Reporting, IT Solutions","AI & Automation, Data & Analytics","Data & Analytics, AI & Automation",Accountants in Practice,"Laurel is the AI Time platform built for professional services firms. By automating timekeeping, professionals recover 28+ billable minutes every day-and with Laurel Signal, that captured time data becomes firm-wide work intelligence: real visibility into project profitability, cost of delivery, resource efficiency, and the true ROI of AI investments.",https://divcommanual.com/acx-fds/exhibitor-listing/laurel/,https://divcommanual.com/acx-fds/wp-content/uploads/sites/6/2026/03/Accountex-Logo.png,200,FALSE
FD Show,Lucanet,420,Standard Show Guide Entry,FD Show,United Kingdom (UK),https://www.lucanet.com/en/,https://www.linkedin.com/company/lucanet-ag/,,,"AI & Automation, Analytics & Reporting, Corporate Finance / Mergers & Acquisitions, ERP, FP&A","Bookkeeping, AI & Automation, Data & Analytics, Banking & Payments","Banking & Payments, Data & Analytics, AI & Automation, Bookkeeping",Other,"Lucanet is an AI-powered CFO Solution Platform built for modern finance leaders to automate and integrate core finance processes. Our platform covers consolidation and financial planning, extended planning and analysis (xP&A), disclosure management, ESG reporting, lease accounting, tax compliance and reporting, as well as banking and cash management.",https://divcommanual.com/acx-fds/exhibitor-listing/lucanet/,https://divcommanual.com/acx-fds/wp-content/uploads/sites/6/2026/03/lucanet-logo-450x450-padded.png,800,FALSE
FD Show,Metro Bank,214,Standard Show Guide Entry,FD Show,United Kingdom (UK),https://www.metrobankonline.co.uk/business/,https://www.linkedin.com/company/metro-bank-uk-/posts/?feedView=all,https://x.com/Metro_Bank,https://www.facebook.com/MetroBankUK,"Banking Services / Open Banking / Payment / FX Budgeting, Corporate Finance / Mergers & Acquisitions, Funding / Lending",Banking & Payments,Banking & Payments,,"We're an award-winning independent UK bank offering corporate, commercial, private banking and retail banking services. Since launching in 2010, we've been committed to doing things differently, revisiting a time when banking was a lot more human. We believe a bank should be more than just a place to store your money; it should be your financial partner for everything life brings.",https://divcommanual.com/acx-fds/exhibitor-listing/metro-bank/,https://divcommanual.com/acx-fds/wp-content/uploads/sites/6/2026/02/METRO-BANK-RED-WHITE-ON-BLUE-RGB-2.png,3500,FALSE
FD Show,Mindful Education,221,Standard Show Guide Entry,FD Show,United Kingdom (UK),https://mindful-education.co.uk/employers/,https://www.linkedin.com/company/mindful-education,https://x.com/mindful_edu_uk,https://www.facebook.com/MindfulEducationUK/,Education & Qualifications,HR & People,HR & Leadership,"Accountants in Practice, Accountants in Industry/Business, Bookkeepers","At Mindful Education, we produce flexible, award-winning, blended learning courses and apprenticeships that continue to set new standards in digital education. A compelling mix of academic expertise, technology and creativity, our media-rich courses bring learning to life and achieve outstanding results. Working in partnership with hundreds of employers, we support thousands of learners each yea",https://divcommanual.com/acx-fds/exhibitor-listing/mindful-education/,https://divcommanual.com/acx-fds/wp-content/uploads/sites/6/2026/02/ME-Logo_450X450.png,57,FALSE
FD Show,MRC (UK) LTD,240,Standard Show Guide Entry,FD Show,United Kingdom (UK),https://www.mrc-productivity.com/,https://www.linkedin.com/company/mrc-uk-ltd,https://twitter.com/mrcproductivity,,"AI & Automation, Analytics & Reporting, CRM, IT Solutions","AI & Automation, CRM & Comms, Data & Analytics","Data & Analytics, AI & Automation, Marketing & Growth",Accountants in Industry/Business,"Our low-code agile development m-Power is used by over 1500 companies to create exactly what they need over their own databases. Replace spreadsheets with robust database solutions, build BI dashboards, workflow systems, apps for remote staff, portals for customers. Create your own solutions including intuitive screens, even with Artificial Intelligence functionality over your existing data.",https://divcommanual.com/acx-fds/exhibitor-listing/mrc-uk-ltd/,https://divcommanual.com/acx-fds/wp-content/uploads/sites/6/2026/01/MRC-logo-small.gif,3,FALSE
FD Show,Neum Insolvency,120,Standard Show Guide Entry,FD Show,United Kingdom (UK),https://www.neuminsolvency.co.uk/,,,,"Insolvency, Restructuring & Business Recovery",Banking & Payments,Banking & Payments,"Accountants in Practice, Accountants in Industry/Business, Bookkeepers","Neum Insolvency offers every Corporate and personal option, from administration, Creditors' Voluntary Liquidation, Company Voluntary Arrangement, Bankruptcy, Members' Voluntary Liquidation, Individual Voluntary Arrangement, to LPA receivership and creditor negotiation and informal arrangement strategies.",https://divcommanual.com/acx-fds/exhibitor-listing/neum-insolvency/,https://divcommanual.com/acx-fds/wp-content/uploads/sites/6/2026/02/Neum-Logo-Final.jpg,4,FALSE
FD Show,New Results,440,Standard Show Guide Entry,FD Show,United Kingdom (UK),https://newresults.co.uk/,https://www.linkedin.com/company/new-results/,,,"Education & Qualifications, HR, Recruitment & Training",HR & People,HR & Leadership,Other,"Partnering with you for your training and development in accounting, finance and professional service firms. Leadership, management, professional and business development. Supporting you with development for partners, managers and all team members. Delivering your training, executive coaching, facilitation, team coaching, away days and team development programmes. Giving you New Results!",https://divcommanual.com/acx-fds/exhibitor-listing/new-results/,https://divcommanual.com/acx-fds/wp-content/uploads/sites/6/2026/01/New-Results_Shaping-Your-Success_Logo_FCol.png,9,FALSE
FD Show,Nolan Business Solutions,531,Standard Show Guide Entry,FD Show,United Kingdom (UK),https://www.nolanbusinesssolutions.co.uk/,https://www.linkedin.com/company/nolan-business-solutions,,,"Accounts Payable / Accounts Receivable, AI & Automation, Banking Services / Open Banking / Payment / FX Budgeting, ERP, Spend Management","Bookkeeping, AI & Automation, Expenses, Banking & Payments","Banking & Payments, AI & Automation, Bookkeeping, Other",Accountants in Industry/Business,"As the UK's leading partner for Oracle NetSuite and Microsoft Dynamics 365 Business Central, we provide impartial insight across the top cloud ERP platforms. With 17 years' experience migrating finance systems to the cloud and over 1,300+ active customers worldwide, we deliver expert consultancy, development, support and ongoing training to help organisations modernise their systems.",https://divcommanual.com/acx-fds/exhibitor-listing/nolan-business-solutions/,https://divcommanual.com/acx-fds/wp-content/uploads/sites/6/2026/02/NBS-logo-Accountex-26.png,49,FALSE
FD Show,Octopus Electric Vehicles,541,Standard Show Guide Entry,FD Show,United Kingdom (UK),https://octopusev.com/,,,,Employee Benefits / Incentives / Salary Sacrifice,HR & People,HR & Leadership,,"Get the car, charger, and energy, all from one place. Trusted by over 7,500 companies, the Octopus EV salary sacrifice scheme helps employees save up to 40% on an EV. Plus - it costs nothing to set up, saves on business National Insurance, and reduces scope 3 emissions. A win-win..",https://divcommanual.com/acx-fds/exhibitor-listing/octopus-electric-vehicles/,https://divcommanual.com/acx-fds/wp-content/uploads/sites/6/2026/02/logo-stacked-light-1.png,490,FALSE
FD Show,OneTouch Leasing,344,Standard Show Guide Entry,FD Show,United Kingdom (UK),https://onetouchleasing.co.uk/,https://www.linkedin.com/company/onetouchleasing/,,,"Analytics & Reporting, Insurance, IT Solutions","Data & Analytics, Banking & Payments","Banking & Payments, Data & Analytics","Accountants in Practice, Accountants in Industry/Business","Join us to see how OneTouch Leasing helps firms and finance teams prepare for the FRS 102 lease accounting changes with a simple, audit-ready solution designed specifically for the UK market-covering everything from initial transition through ongoing compliance and reporting.",https://divcommanual.com/acx-fds/exhibitor-listing/onetouch-leasing/,https://divcommanual.com/acx-fds/wp-content/uploads/sites/6/2026/02/OneTouch-Leasing-Submark-Logo-Full-Colour-300-dpi-RGB-450x450-1.jpg,0,FALSE
FD Show,Paraglide,501B,Standard Show Guide Entry,FD Show,United Kingdom (UK),https://www.paraglide.ai,https://www.linkedin.com/company/paraglide-ai/?,https://x.com/ParaglideAI_,,"Accounts Payable / Accounts Receivable, AI & Automation, O2C - Order-To-Cash","Bookkeeping, AI & Automation, Banking & Payments","Banking & Payments, AI & Automation, Bookkeeping",Accountants in Industry/Business,"Paraglide automates high-volume B2B accounts receivable with AI agents that handle day-to-day billing and collection conversations directly from the finance inbox. Our AI agents respond to billing queries, send personalised payment reminders, manage responses, follow up in existing email threads, collect missing PO numbers and track promise-to-pay commitments to help businesses get paid faster.",https://divcommanual.com/acx-fds/exhibitor-listing/paraglide/,https://divcommanual.com/acx-fds/wp-content/uploads/sites/6/2026/02/Paraglide-logo-FD-Show.png,0,FALSE
FD Show,Payhawk,310,Standard Show Guide Entry,FD Show,United Kingdom (UK),https://payhawk.com/,https://www.linkedin.com/company/payhawk/,,https://www.facebook.com/Payhawk.io,"Accounts Payable / Accounts Receivable, AI & Automation, Expense Management, Spend Management, Treasury financial management","Bookkeeping, AI & Automation, Expenses, Banking & Payments","Banking & Payments, AI & Automation, Bookkeeping, Other",Accountants in Industry/Business,"Payhawk is an AI-native spend management platform that orchestrates global money across Bills, Cards, Expenses, Travel, and Procurement for maximum control, automation and savings. It provides a global money account on top of your ERP combined with agents enforcing rules, policies, and budgets on every payment while giving employees an effortless spending experience.",https://divcommanual.com/acx-fds/exhibitor-listing/payhawk/,https://divcommanual.com/acx-fds/wp-content/uploads/sites/6/2026/04/Avatar_450x450.png,460,FALSE
FD Show,Quadient,444,Standard Show Guide Entry,FD Show,United Kingdom (UK),https://www.quadient.com/en-gb/homepage,https://www.linkedin.com/company/quadient/,,,"Accounts Payable / Accounts Receivable, AI & Automation, Cash Flow Forecasting, E-Invoicing, O2C - Order-To-Cash","Bookkeeping, AI & Automation, Banking & Payments","Banking & Payments, AI & Automation, Bookkeeping",,"Quadient Accounts Payable and Accounts Receivable are cloud""'based finance automation solutions to simplify the procure""'to""'pay and credit""'to""'cash lifecycle, helping finance teams improve visibility, control, and cash flow through intuitive workflows, automation, and integrated communications, reducing manual effort while supporting better supplier and customer experiences across growing businesses.",https://divcommanual.com/acx-fds/exhibitor-listing/quadient/,https://divcommanual.com/acx-fds/wp-content/uploads/sites/6/2026/04/Screenshot-2026-04-09-145114.png,4800,FALSE
FD Show,Rsult,340,Standard Show Guide Entry,FD Show,United Kingdom (UK),https://rsult.one/,https://www.linkedin.com/company/10556400,,,"CRM, ERP","Bookkeeping, CRM & Comms","Bookkeeping, Marketing & Growth",Accountants in Industry/Business,"Rsult is a 100-strong independent Oracle-NetSuite practice delivering ERP solutions and support across EMEA. We serve diverse industries from Fintech to F&B, with a team-first, customer-first culture - boasting a 4.9 CSAT score. Accounting-firm independent, we are a trusted partner for finance leaders (in practice and industry) seeking exceptional ERP outcomes via long term strategic partnership.",https://divcommanual.com/acx-fds/exhibitor-listing/rsult/,https://divcommanual.com/acx-fds/wp-content/uploads/sites/6/2026/02/Rsult-Logo.png,72,FALSE
FD Show,ScaleXP,545,Standard Show Guide Entry,FD Show,United Kingdom (UK),https://www.scalexp.com/,https://www.linkedin.com/company/scalexp/,https://x.com/ScaleXp,,"AI & Automation, Analytics & Reporting, FP&A, O2C - Order-To-Cash","Bookkeeping, AI & Automation, Data & Analytics, Banking & Payments","Banking & Payments, Data & Analytics, AI & Automation, Bookkeeping","Accountants in Industry/Business, Bookkeepers","ScaleXP turns financial complexity into clarity. We unify accounting, billing, and CRM data into one living source of truth, automate month-end and revenue recognition with AI, and deliver real-time SaaS metrics like MRR, ARR, and churn you can trust. Finance teams save hours; CEOs get instant, board-ready answers. Confidence in every number, every decision.",https://divcommanual.com/acx-fds/exhibitor-listing/scalexp/,https://divcommanual.com/acx-fds/wp-content/uploads/sites/6/2026/03/Untitled-design-20.png,10,FALSE
FD Show,Sequence,315,Standard Show Guide Entry,FD Show,United Kingdom (UK),https://www.sequencehq.com/,https://www.linkedin.com/company/sequence-hq/posts/?feedView=all,https://x.com/SequenceHQ_,,"Accounts Payable / Accounts Receivable, O2C - Order-To-Cash","Bookkeeping, Banking & Payments","Banking & Payments, Bookkeeping","Accountants in Practice, Accountants in Industry/Business","Sequence is the AI-powered billing and quote to cash platform for any custom contract or pricing model (usage, seats, SaaS, milestone etc). Modern B2B finance teams, including Cognition, [BILL.com](http://BILL.com), Runway, Legora and [Incident.io](http://Incident.io) use Sequence to turn bespoke order forms into automated invoices at scale. Sequence has raised $40m from a16z and Salesforce.",https://divcommanual.com/acx-fds/exhibitor-listing/sequence/,https://divcommanual.com/acx-fds/wp-content/uploads/sites/6/2026/01/Frame-2087329553.jpg,43,FALSE
FD Show,Sis ID,430,Standard Show Guide Entry,FD Show,France,https://sis-id.com/,https://www.linkedin.com/company/sis-id/,,,"Accounts Payable / Accounts Receivable, AML - Anti Money Laundering, Banking Services / Open Banking / Payment / FX Budgeting, Cyber Security, IT Solutions","Bookkeeping, Cyber Security, AML/KYC, Banking & Payments","Banking & Payments, Cyber Security, Bookkeeping, AML/KYC","Accountants in Practice, Accountants in Industry/Business, Bookkeepers","Founded in 2016, Sis ID is a French fintech supporting large enterprises in the detection and prevention of financial fraud. Its solution secures payments, anticipates fraud attempts and streamlines processes from purchase to payment. Since 2025, Sis ID has been part of Eftsure, an Australian leader in supplier payment verification, offering global coverage and scale.",https://divcommanual.com/acx-fds/exhibitor-listing/sis-id/,https://divcommanual.com/acx-fds/wp-content/uploads/sites/6/2026/03/SisID-ACT-2026-web-profile.jpg,99,FALSE
FD Show,Spendesk,220,Standard Show Guide Entry,FD Show,United Kingdom (UK),https://www.spendesk.com/,https://www.linkedin.com/company/spendesk/,,https://www.facebook.com/spendesk/,"Accounts Payable / Accounts Receivable, AI & Automation, Analytics & Reporting, Expense Management, Spend Management","Bookkeeping, AI & Automation, Data & Analytics, Expenses","Data & Analytics, AI & Automation, Bookkeeping, Other",Accountants in Industry/Business,"Spendesk is an AI-powered spend management and procurement platform. Our all-in-one spending solution helps finance teams make faster, smarter decisions by simplifying procurement, cards, expenses, invoices and accounting automation, while providing real-time visibility and control across company spend.",https://divcommanual.com/acx-fds/exhibitor-listing/spendesk/,https://divcommanual.com/acx-fds/wp-content/uploads/sites/6/2026/02/Spendesk_New-Logo_Square_PURPLE-1.png,370,FALSE
FD Show,Spinal,515,Standard Show Guide Entry,FD Show,United Kingdom (UK),https://www.withspinal.com,https://www.linkedin.com/company/108035258/,,,"Accounts Payable / Accounts Receivable, AI & Automation, E-Invoicing, ERP, O2C - Order-To-Cash","Bookkeeping, AI & Automation, Banking & Payments","Banking & Payments, AI & Automation, Bookkeeping",Accountants in Industry/Business,AI agents for Accounts Receivable. We turn collections from reactive to proactive - so you get paid faster. Spinal diagnoses why invoices aren't paid & fixes the blockers automatically. No chasing. No manual follow-ups. Just an AI agent that works 24/7 until every invoice is closed.,https://divcommanual.com/acx-fds/exhibitor-listing/spinal/,https://divcommanual.com/acx-fds/wp-content/uploads/sites/6/2026/03/triangle-logo-new.png,5,FALSE
FD Show,TaxConnex,140,Standard Show Guide Entry,FD Show,United States (US),https://www.taxconnex.com/,https://www.linkedin.com/company/taxconnex,https://x.com/taxconnex,https://www.facebook.com/taxconnex,"Audit, Corporate Finance / Mergers & Acquisitions, Tax","Tax & MTD, Banking & Payments","Banking & Payments, Tax & MTD","Accountants in Practice, Accountants in Industry/Business, Bookkeepers","TaxConnex(R) is redefining US sales tax management by combining industry expertise with the security of our proprietary tax management technology. From determining obligations and adding the correct rates on invoices, to managing tax calendars and ensuring your returns are filed accurately, TaxConnex has you and your clients' US sales tax obligations covered.",https://divcommanual.com/acx-fds/exhibitor-listing/taxconnex/,https://divcommanual.com/acx-fds/wp-content/uploads/sites/6/2026/01/450x450-Logo-TaxConnex.png,69,FALSE
FD Show,TD SYNNEX,460,Standard Show Guide Entry,FD Show,United Kingdom (UK),https://www.dynamics-apps.co.uk,,,,"CRM, ERP, IT Solutions","Bookkeeping, CRM & Comms","Bookkeeping, Marketing & Growth","Accountants in Practice, Accountants in Industry/Business, Bookkeepers","As the world's biggest technology distributor, we work with major vendors such as Microsoft to ensure that their products reach teams across all industries - and we'd love to help you access the tech you need to succeed.",https://divcommanual.com/acx-fds/exhibitor-listing/td-synnex/,https://divcommanual.com/acx-fds/wp-content/uploads/sites/6/2026/04/TD-logo-450px.png,0,FALSE
FD Show,The CFO Centre Group Ltd,445,Standard Show Guide Entry,FD Show,United Kingdom (UK),https://www.cfocentre.com/gb/,https://www.linkedin.com/company/thecfocentreuk/?viewAsMember=true,,,"Analytics & Reporting, Banking Services / Open Banking / Payment / FX Budgeting, Cash Flow Forecasting, Corporate Finance / Mergers & Acquisitions, Funding / Lending","Bookkeeping, Data & Analytics, Banking & Payments","Banking & Payments, Data & Analytics, Bookkeeping",Other,"Since 2001, The CFO Centre has grown into the world's leading* provider of part-time CFO services. We're here to give ambitious businesses access to experienced, high-calibre CFOs who bring clarity, confidence, and results that truly matter. Our work is grounded in real outcomes including stronger cash flow, increased profit, smarter scaling, and successful exits.",https://divcommanual.com/acx-fds/exhibitor-listing/the-cfo-centre-group-ltd/,https://divcommanual.com/acx-fds/wp-content/uploads/sites/6/2026/02/The-CFO-Centre-Logo-transparent-1.png,450,FALSE
FD Show,The Electric Car Scheme,424,Standard Show Guide Entry,FD Show,United Kingdom (UK),https://www.electriccarscheme.com/,https://www.linkedin.com/company/electric-car-scheme/,https://x.com/ecscheme?lang=en,https://www.facebook.com/electriccarscheme/,"Employee Benefits / Incentives / Salary Sacrifice, HR",HR & People,HR & Leadership,"Accountants in Practice, Accountants in Industry/Business, Bookkeepers, Other","The Electric Car Scheme is a salary sacrifice specialist making the transition to Net Zero the Obvious Choice. We provide Complete Employer Protection from Day 1 and straightforward reporting, all at no cost to the employer. With best in market pricing, help your team save 20-50% on any new or used electric car in the UK.",https://divcommanual.com/acx-fds/exhibitor-listing/the-electric-car-scheme/,https://divcommanual.com/acx-fds/wp-content/uploads/sites/6/2026/02/Logo-450x450-1.png,110,FALSE
FD Show,The Order to Cash Laboratory Ltd,130,Standard Show Guide Entry,FD Show,United Kingdom (UK),https://www.o2clab.com,https://www.linkedin.com/company/the-order-to-cash-laboratory-ltd/?viewAsMember=true,,,"Accounts Payable / Accounts Receivable, AI & Automation, O2C - Order-To-Cash, Recruitment & Training","Bookkeeping, AI & Automation, HR & People, Banking & Payments","Banking & Payments, AI & Automation, Bookkeeping, HR & Leadership","Accountants in Practice, Accountants in Industry/Business, Other","The Order to Cash Laboratory (O2C Lab) partners with CFO teams to audit Order-to-Cash processes and systems to design practical operating models, data governance and billing frameworks. Through consulting, flow modelling, root-cause analysis and capability training, helping organisations improve cash conversion, strengthen working capital performance, risk ownership and enterprise accountability.",https://divcommanual.com/acx-fds/exhibitor-listing/the-order-to-cash-laboratory-ltd/,https://divcommanual.com/acx-fds/wp-content/uploads/sites/6/2026/02/image004.png,10,FALSE
FD Show,Thrive Operations Ltd,464,Standard Show Guide Entry,FD Show,,,,,,,,Other,,,https://divcommanual.com/acx-fds/exhibitor-listing/thrive-operations-ltd/,https://divcommanual.com/wp-content/uploads/sites/4/2024/08/Profile_avatar_placeholder.png,1700,FALSE
FD Show,Vision33,314,Standard Show Guide Entry,FD Show,United Kingdom (UK),https://www.vision33.co.uk/,https://www.linkedin.com/company/vision33/,,,"Accounts Payable / Accounts Receivable, AI & Automation, Analytics & Reporting, Corporate Finance / Mergers & Acquisitions, ERP","Bookkeeping, AI & Automation, Data & Analytics, Banking & Payments","Banking & Payments, Data & Analytics, AI & Automation, Bookkeeping","Accountants in Practice, Accountants in Industry/Business, Bookkeepers, Other","Vision33 helps organisations transform the finance function with Sage Intacct, an AI-powered financial management solution. Vision33 offers a unique Integration as a Managed Service platform, connecting Sage Intacct with CRM, billing, and other operational platforms. Vision33 enables finance teams to gain better financial visibility and scale confidently through automation and real-time reporting.",https://divcommanual.com/acx-fds/exhibitor-listing/vision33/,https://divcommanual.com/acx-fds/wp-content/uploads/sites/6/2026/02/Vision33-Logo-Blue-450x450-1.png,1,FALSE
FD Show,Webexpenses,525,Standard Show Guide Entry,FD Show,United Kingdom (UK),https://www.webexpenses.com/,https://www.linkedin.com/company/webexpenses/,,,"Expense Management, Spend Management",Expenses,Other,"Accountants in Practice, Accountants in Industry/Business","Webexpenses is a cloud-based expense management solution that helps you take the hassle out of building, submitting, approving, and reporting on business expenses. Instead of chasing spreadsheets and emails, your teams manage everything in one place, with flexible workflows, built-in policy controls, and tailored reporting that make it easier to stay compliant.",https://divcommanual.com/acx-fds/exhibitor-listing/webexpenses/,https://divcommanual.com/acx-fds/wp-content/uploads/sites/6/2026/03/Webexpenses-Stacked-v2.png,150,FALSE
FD Show,WMA,134,Standard Show Guide Entry,FD Show,United Kingdom (UK),https://www.westgatemoore.co.uk/,https://www.linkedin.com/company/westgate-moore-associates/?viewAsMember=true,,,"Accounts Payable / Accounts Receivable, AI & Automation, Analytics & Reporting, Audit","Bookkeeping, AI & Automation, Data & Analytics","Data & Analytics, AI & Automation, Bookkeeping",Other,"Westgate Moore provides risk-free payment recovery audits and automated supplier statement reconciliation software. Audits operate on a contingency basis, identifying and recovering overpayments at no upfront cost. Combining expertise with technology we help clients strengthen financial controls, improve accuracy, and deliver measurable savings across accounts payable functions.",https://divcommanual.com/acx-fds/exhibitor-listing/wma/,https://divcommanual.com/acx-fds/wp-content/uploads/sites/6/2026/02/Blue-Icon-Reduced-Size.png,7,FALSE
FD Show,Wolters Kluwer,114,Standard Show Guide Entry,FD Show,United Kingdom (UK),https://www.wolterskluwer.co.uk,https://www.linkedin.com/company/wolterskluweruk/,https://twitter.com/wolterskluweruk,https://www.facebook.com/wolterskluwertaauk/,"Analytics & Reporting, Audit, Corporate Finance / Mergers & Acquisitions, Tax, VAT","Tax & MTD, Data & Analytics, Banking & Payments","Banking & Payments, Data & Analytics, Tax & MTD","Accountants in Practice, Accountants in Industry/Business","Wolters Kluwer is a global leader in professional information, software, and services, supporting corporate finance teams with solutions for tax, compliance, and reporting. Our product suite combines deep regulatory expertise with advanced technology to help organisations streamline processes, reduce risk, and make confident, data-driven decisions in a complex and evolving business environment.",https://divcommanual.com/acx-fds/exhibitor-listing/wolters-kluwer/,https://divcommanual.com/acx-fds/wp-content/uploads/sites/6/2026/02/Untitled-design-5.png,490,FALSE
FD Show,Women in Banking and Finance,200,Standard Show Guide Entry,FD Show,,,,,,,HR & People,HR & Leadership,HR & People,,https://divcommanual.com/acx-fds/exhibitor-listing/women-in-banking-and-finance/,https://divcommanual.com/wp-content/uploads/sites/4/2024/08/Profile_avatar_placeholder.png,95,FALSE
FD Show,Workday,324,Standard Show Guide Entry,FD Show,United Kingdom (UK),https://www.workday.com/en-gb/solutions/organization-size/medium-enterprise/finance-package.html,https://www.linkedin.com/company/workday,https://www.x.com/workday,https://www.facebook.com/workday,"AI & Automation, Analytics & Reporting, Cash Flow Forecasting, ERP, FP&A","Bookkeeping, AI & Automation, Data & Analytics","Data & Analytics, AI & Automation, Bookkeeping",Accountants in Industry/Business,"Workday is the enterprise AI platform for managing people, money, and agents. Workday unifies HR and finance on one intelligent platform with AI at the core to empower people at every level with the clarity, confidence, and insights they need to adapt quickly, make better decisions, and deliver outcomes that matter. Workday is used by more than 11,500 organizations around the world and across indu",https://divcommanual.com/acx-fds/exhibitor-listing/workday/,https://divcommanual.com/acx-fds/wp-content/uploads/sites/6/2026/03/Workday-450px.png,21000,FALSE
FD Show,Yooz E-Invoicing & Purchase-to-Pay Automation,110,Standard Show Guide Entry,FD Show,United Kingdom (UK),https://www.getyooz.com/en-gb/,https://www.linkedin.com/company/yooz/,https://x.com/WhyYooz/,https://www.facebook.com/GetYoozOfficial,"Accounts Payable / Accounts Receivable, AI & Automation, E-Invoicing","Bookkeeping, AI & Automation, Banking & Payments","Banking & Payments, AI & Automation, Bookkeeping",Accountants in Industry/Business,"Yooz provides the smartest, most powerful and easiest-to-use cloud-based E-invoicing and Purchase-to-Pay (P2P) automation solution. It delivers unmatched savings, speed and security with affordable zero-risk subscriptions to more than 7,000 customers and 600,000 users worldwide. Yooz's unique solution leverages Artificial Intelligence to deliver an amazing level of automation. www.getyooz.com",https://divcommanual.com/acx-fds/exhibitor-listing/yooz-e-invoicing-purchase-to-pay-automation/,https://divcommanual.com/acx-fds/wp-content/uploads/sites/6/2026/03/Yooz-Logo-Full-Colors-Background-White-3.jpg,550,FALSE
Accountex,Accounting Bookkeepers UK Ltd,1373,Standard Show Guide Entry,Accountex London,,,,,,,,Other,,,https://divcommanual.com/acx-fds/exhibitor-listing/accounting-bookkeepers-uk-ltd/,,0,FALSE
Accountex,Association of Accounting Technicians,224,Standard Show Guide Entry,FD Show,,,,,,,HR & People,HR & Leadership,HR & People,"AAT, the Association of Accounting Technicians, represents accounting technicians and bookkeepers across the UK. AAT is dedicated to raising professional standards and widening access to accountancy education and skills training. Today, it supports a community of over 137,000 people, whether they're working in the profession or studying AAT's Ofqual regulated qualifications.",https://divcommanual.com/acx-fds/exhibitor-listing/association-of-accounting-technicians-1/,,1300,FALSE
Accountex,Everest ERP,520,Standard Show Guide Entry,FD Show,,,,,,"Accounts Payable / Accounts Receivable, AI & Automation, ERP, HR, O2C - Order-To-Cash","Bookkeeping, AI & Automation, HR & People, Banking & Payments","Banking & Payments, AI & Automation, Bookkeeping, HR & Leadership",,"Everest is an AI-native ERP built for modern, fast-changing businesses. It unifies finance, supports complex revenue models, and enables global, multi-entity operations. Teams can use its AI assistant to create workflows, logic, and applications directly in the platform - closing gaps without scripts, consultants, or new tools. Live Sandbox enabled for safe testing and continuous adaptation.",https://divcommanual.com/acx-fds/exhibitor-listing/everest-erp/,,0,FALSE
Accountex,Hartley by Clarity HQ,1475,Standard Show Guide Entry,Accountex London,,,,,,"Accounting Software, AI & Automation, Analytics & Reporting","Bookkeeping, AI & Automation, Data & Analytics","Data & Analytics, AI & Automation, Bookkeeping",,"Hartley is the AI advisory assistant your clients should actually use. It knows their numbers. It challenges bad assumptions. It flags advisory opportunities and escalates to your team by name. Most importantly, it generates client meetings without you having to ask. Hartley by Clarity HQ. The NextGen Advisory System used by accounting firms in 17+ countries.",https://divcommanual.com/acx-fds/exhibitor-listing/hartley-by-clarity-hq/,,0,FALSE
Accountex,Market Intelligence Hub,970,Standard Show Guide Entry,Accountex London,,,,,,"Accounting Software, AI & Automation, Analytics & Reporting, Association / Professional Body, Consulting & Business Services","Bookkeeping, AI & Automation, Data & Analytics, HR & People","Data & Analytics, AI & Automation, Bookkeeping, HR & Leadership",,Your essential destination for the insights driving the future of accounting. Brought to you by Accounting Insight News and developed in partnership with Firmology and ProTRENDS (both part of The AIR Network).,https://divcommanual.com/acx-fds/exhibitor-listing/market-intelligence-hub/,,0,FALSE
Accountex,National CRC Group Limited 1074,1074,Standard Show Guide Entry,Accountex London,,,,,,,,Other,,,https://divcommanual.com/acx-fds/exhibitor-listing/national-crc-group-limited-1074/,,0,FALSE
Accountex,Nume - The AI CFO for accountants,1942,Standard Show Guide Entry,Accountex London,,,,,,"Accounting Software, AI & Automation, Analytics & Reporting, Cash Flow Forecasting","Bookkeeping, AI & Automation, Data & Analytics","Data & Analytics, AI & Automation, Bookkeeping",,"Nume is the AI CFO built for modern accounting firms. It gives your clients instant answers, proactive insights, and automated financial reporting, without adding workload to your team. Deliver faster responses, deeper insights, and a more scalable client experience. Turn your practice into a 24/7 strategic partner.",https://divcommanual.com/acx-fds/exhibitor-listing/nume-the-ai-cfo-for-accountants/,,0,FALSE
Accountex,The 15-Minute Guy,1762,Standard Show Guide Entry,Accountex London,,,,,,"Consulting & Business Services, Sales & Marketing",Marketing & Growth,Marketing & Growth,,"Ashley Leeds helps accountants and bookkeepers stop hiding on LinkedIn and start building real business conversations in just 15 minutes a day. Through practical coaching, profile reviews and the LinkedIn Accelerator, Ashley gives professionals the confidence, structure and daily habits to stand out, grow their network and attract better opportunities without feeling salesy, awkward or overwhelmed",https://divcommanual.com/acx-fds/exhibitor-listing/the-15-minute-guy/,,0,FALSE
